case_id	fixture_id	fixture_path	prep	wgrib2_cmd	mbt_cmd	compare_mode	expected_ref
jma_gsm_default	jma_gsm	fixtures/grib2_jma/Z__C_RJTD_20241206000000_GSM_GPV_Rgl_FD0000_grib2.bin		{WGRIB2} {fixture}	{MBT} {fixture}	text_diff	fixtures/wgrib2_snapshots/inventory/jma_gsm/default.txt
jma_gsm_s	jma_gsm	fixtures/grib2_jma/Z__C_RJTD_20241206000000_GSM_GPV_Rgl_FD0000_grib2.bin		{WGRIB2} {fixture} -s	{MBT} {fixture} -s	text_diff	fixtures/wgrib2_snapshots/inventory/jma_gsm/s.txt
jma_gsm_Sec0	jma_gsm	fixtures/grib2_jma/Z__C_RJTD_20241206000000_GSM_GPV_Rgl_FD0000_grib2.bin		{WGRIB2} {fixture} -Sec0	{MBT} {fixture} -Sec0	text_diff	fixtures/wgrib2_snapshots/inventory/jma_gsm/Sec0.txt
jma_gsm_Sec3	jma_gsm	fixtures/grib2_jma/Z__C_RJTD_20241206000000_GSM_GPV_Rgl_FD0000_grib2.bin		{WGRIB2} {fixture} -Sec3	{MBT} {fixture} -Sec3	text_diff	fixtures/wgrib2_snapshots/inventory/jma_gsm/Sec3.txt
jma_gsm_Sec4	jma_gsm	fixtures/grib2_jma/Z__C_RJTD_20241206000000_GSM_GPV_Rgl_FD0000_grib2.bin		{WGRIB2} {fixture} -Sec4	{MBT} {fixture} -Sec4	text_diff	fixtures/wgrib2_snapshots/inventory/jma_gsm/Sec4.txt
jma_gsm_Sec5	jma_gsm	fixtures/grib2_jma/Z__C_RJTD_20241206000000_GSM_GPV_Rgl_FD0000_grib2.bin		{WGRIB2} {fixture} -Sec5	{MBT} {fixture} -Sec5	text_diff	fixtures/wgrib2_snapshots/inventory/jma_gsm/Sec5.txt
jma_gsm_Sec6	jma_gsm	fixtures/grib2_jma/Z__C_RJTD_20241206000000_GSM_GPV_Rgl_FD0000_grib2.bin		{WGRIB2} {fixture} -Sec6	{MBT} {fixture} -Sec6	text_diff	fixtures/wgrib2_snapshots/inventory/jma_gsm/Sec6.txt
jma_gsm_Sec_len	jma_gsm	fixtures/grib2_jma/Z__C_RJTD_20241206000000_GSM_GPV_Rgl_FD0000_grib2.bin		{WGRIB2} {fixture} -Sec_len	{MBT} {fixture} -Sec_len	text_diff	fixtures/wgrib2_snapshots/inventory/jma_gsm/Sec_len.txt
jma_gsm_n	jma_gsm	fixtures/grib2_jma/Z__C_RJTD_20241206000000_GSM_GPV_Rgl_FD0000_grib2.bin		{WGRIB2} {fixture} -n	{MBT} {fixture} -n	text_diff	fixtures/wgrib2_snapshots/inventory/jma_gsm/n.txt
jma_gsm_range	jma_gsm	fixtures/grib2_jma/Z__C_RJTD_20241206000000_GSM_GPV_Rgl_FD0000_grib2.bin		{WGRIB2} {fixture} -range	{MBT} {fixture} -range	text_diff	fixtures/wgrib2_snapshots/inventory/jma_gsm/range.txt
jma_gsm_var	jma_gsm	fixtures/grib2_jma/Z__C_RJTD_20241206000000_GSM_GPV_Rgl_FD0000_grib2.bin		{WGRIB2} {fixture} -var	{MBT} {fixture} -var	text_diff	fixtures/wgrib2_snapshots/inventory/jma_gsm/var.txt
jma_gsm_lev	jma_gsm	fixtures/grib2_jma/Z__C_RJTD_20241206000000_GSM_GPV_Rgl_FD0000_grib2.bin		{WGRIB2} {fixture} -lev	{MBT} {fixture} -lev	text_diff	fixtures/wgrib2_snapshots/inventory/jma_gsm/lev.txt
jma_gsm_ftime	jma_gsm	fixtures/grib2_jma/Z__C_RJTD_20241206000000_GSM_GPV_Rgl_FD0000_grib2.bin		{WGRIB2} {fixture} -ftime	{MBT} {fixture} -ftime	text_diff	fixtures/wgrib2_snapshots/inventory/jma_gsm/ftime.txt
jma_gsm_grid	jma_gsm	fixtures/grib2_jma/Z__C_RJTD_20241206000000_GSM_GPV_Rgl_FD0000_grib2.bin		{WGRIB2} {fixture} -grid	{MBT} {fixture} -grid	text_diff	fixtures/wgrib2_snapshots/inventory/jma_gsm/grid.txt
jma_gsm_pdt	jma_gsm	fixtures/grib2_jma/Z__C_RJTD_20241206000000_GSM_GPV_Rgl_FD0000_grib2.bin		{WGRIB2} {fixture} -pdt	{MBT} {fixture} -pdt	text_diff	fixtures/wgrib2_snapshots/inventory/jma_gsm/pdt.txt
jma_gsm_process	jma_gsm	fixtures/grib2_jma/Z__C_RJTD_20241206000000_GSM_GPV_Rgl_FD0000_grib2.bin		{WGRIB2} {fixture} -process	{MBT} {fixture} -process	text_diff	fixtures/wgrib2_snapshots/inventory/jma_gsm/process.txt
jma_gsm_ens	jma_gsm	fixtures/grib2_jma/Z__C_RJTD_20241206000000_GSM_GPV_Rgl_FD0000_grib2.bin		{WGRIB2} {fixture} -ens	{MBT} {fixture} -ens	text_diff	fixtures/wgrib2_snapshots/inventory/jma_gsm/ens.txt
jma_gsm_prob	jma_gsm	fixtures/grib2_jma/Z__C_RJTD_20241206000000_GSM_GPV_Rgl_FD0000_grib2.bin		{WGRIB2} {fixture} -prob	{MBT} {fixture} -prob	text_diff	fixtures/wgrib2_snapshots/inventory/jma_gsm/prob.txt
jma_gsm_disc	jma_gsm	fixtures/grib2_jma/Z__C_RJTD_20241206000000_GSM_GPV_Rgl_FD0000_grib2.bin		{WGRIB2} {fixture} -disc	{MBT} {fixture} -disc	text_diff	fixtures/wgrib2_snapshots/inventory/jma_gsm/disc.txt
jma_gsm_center	jma_gsm	fixtures/grib2_jma/Z__C_RJTD_20241206000000_GSM_GPV_Rgl_FD0000_grib2.bin		{WGRIB2} {fixture} -center	{MBT} {fixture} -center	text_diff	fixtures/wgrib2_snapshots/inventory/jma_gsm/center.txt
jma_gsm_subcenter	jma_gsm	fixtures/grib2_jma/Z__C_RJTD_20241206000000_GSM_GPV_Rgl_FD0000_grib2.bin		{WGRIB2} {fixture} -subcenter	{MBT} {fixture} -subcenter	text_diff	fixtures/wgrib2_snapshots/inventory/jma_gsm/subcenter.txt
jma_gsm_packing	jma_gsm	fixtures/grib2_jma/Z__C_RJTD_20241206000000_GSM_GPV_Rgl_FD0000_grib2.bin		{WGRIB2} {fixture} -packing	{MBT} {fixture} -packing	text_diff	fixtures/wgrib2_snapshots/inventory/jma_gsm/packing.txt
jma_gsm_bitmap	jma_gsm	fixtures/grib2_jma/Z__C_RJTD_20241206000000_GSM_GPV_Rgl_FD0000_grib2.bin		{WGRIB2} {fixture} -bitmap	{MBT} {fixture} -bitmap	text_diff	fixtures/wgrib2_snapshots/inventory/jma_gsm/bitmap.txt
jma_gsm_nxny	jma_gsm	fixtures/grib2_jma/Z__C_RJTD_20241206000000_GSM_GPV_Rgl_FD0000_grib2.bin		{WGRIB2} {fixture} -nxny	{MBT} {fixture} -nxny	text_diff	fixtures/wgrib2_snapshots/inventory/jma_gsm/nxny.txt
jma_gsm_npts	jma_gsm	fixtures/grib2_jma/Z__C_RJTD_20241206000000_GSM_GPV_Rgl_FD0000_grib2.bin		{WGRIB2} {fixture} -npts	{MBT} {fixture} -npts	text_diff	fixtures/wgrib2_snapshots/inventory/jma_gsm/npts.txt
jma_gsm_var_lev	jma_gsm	fixtures/grib2_jma/Z__C_RJTD_20241206000000_GSM_GPV_Rgl_FD0000_grib2.bin		{WGRIB2} {fixture} -var -lev	{MBT} {fixture} -var -lev	text_diff	fixtures/wgrib2_snapshots/inventory/jma_gsm/var_lev.txt
jma_gsm_stats	jma_gsm	fixtures/grib2_jma/Z__C_RJTD_20241206000000_GSM_GPV_Rgl_FD0000_grib2.bin		{WGRIB2} {fixture} -stats	{MBT} {fixture} -stats	stats_diff	
noaa_gfs_pgrb2b_1p00_f000_default	noaa_gfs_pgrb2b_1p00_f000	fixtures/grib2_noaa/gfs.t00z.pgrb2b.1p00.f000.grib2		{WGRIB2} {fixture}	{MBT} {fixture}	text_diff	fixtures/wgrib2_snapshots/inventory/noaa_gfs_pgrb2b_1p00_f000/default.txt
noaa_gfs_pgrb2b_1p00_f000_s	noaa_gfs_pgrb2b_1p00_f000	fixtures/grib2_noaa/gfs.t00z.pgrb2b.1p00.f000.grib2		{WGRIB2} {fixture} -s	{MBT} {fixture} -s	text_diff	fixtures/wgrib2_snapshots/inventory/noaa_gfs_pgrb2b_1p00_f000/s.txt
noaa_gfs_pgrb2b_1p00_f000_Sec0	noaa_gfs_pgrb2b_1p00_f000	fixtures/grib2_noaa/gfs.t00z.pgrb2b.1p00.f000.grib2		{WGRIB2} {fixture} -Sec0	{MBT} {fixture} -Sec0	text_diff	fixtures/wgrib2_snapshots/inventory/noaa_gfs_pgrb2b_1p00_f000/Sec0.txt
noaa_gfs_pgrb2b_1p00_f000_Sec3	noaa_gfs_pgrb2b_1p00_f000	fixtures/grib2_noaa/gfs.t00z.pgrb2b.1p00.f000.grib2		{WGRIB2} {fixture} -Sec3	{MBT} {fixture} -Sec3	text_diff	fixtures/wgrib2_snapshots/inventory/noaa_gfs_pgrb2b_1p00_f000/Sec3.txt
noaa_gfs_pgrb2b_1p00_f000_Sec4	noaa_gfs_pgrb2b_1p00_f000	fixtures/grib2_noaa/gfs.t00z.pgrb2b.1p00.f000.grib2		{WGRIB2} {fixture} -Sec4	{MBT} {fixture} -Sec4	text_diff	fixtures/wgrib2_snapshots/inventory/noaa_gfs_pgrb2b_1p00_f000/Sec4.txt
noaa_gfs_pgrb2b_1p00_f000_Sec5	noaa_gfs_pgrb2b_1p00_f000	fixtures/grib2_noaa/gfs.t00z.pgrb2b.1p00.f000.grib2		{WGRIB2} {fixture} -Sec5	{MBT} {fixture} -Sec5	text_diff	fixtures/wgrib2_snapshots/inventory/noaa_gfs_pgrb2b_1p00_f000/Sec5.txt
noaa_gfs_pgrb2b_1p00_f000_Sec6	noaa_gfs_pgrb2b_1p00_f000	fixtures/grib2_noaa/gfs.t00z.pgrb2b.1p00.f000.grib2		{WGRIB2} {fixture} -Sec6	{MBT} {fixture} -Sec6	text_diff	fixtures/wgrib2_snapshots/inventory/noaa_gfs_pgrb2b_1p00_f000/Sec6.txt
noaa_gfs_pgrb2b_1p00_f000_Sec_len	noaa_gfs_pgrb2b_1p00_f000	fixtures/grib2_noaa/gfs.t00z.pgrb2b.1p00.f000.grib2		{WGRIB2} {fixture} -Sec_len	{MBT} {fixture} -Sec_len	text_diff	fixtures/wgrib2_snapshots/inventory/noaa_gfs_pgrb2b_1p00_f000/Sec_len.txt
noaa_gfs_pgrb2b_1p00_f000_n	noaa_gfs_pgrb2b_1p00_f000	fixtures/grib2_noaa/gfs.t00z.pgrb2b.1p00.f000.grib2		{WGRIB2} {fixture} -n	{MBT} {fixture} -n	text_diff	fixtures/wgrib2_snapshots/inventory/noaa_gfs_pgrb2b_1p00_f000/n.txt
noaa_gfs_pgrb2b_1p00_f000_range	noaa_gfs_pgrb2b_1p00_f000	fixtures/grib2_noaa/gfs.t00z.pgrb2b.1p00.f000.grib2		{WGRIB2} {fixture} -range	{MBT} {fixture} -range	text_diff	fixtures/wgrib2_snapshots/inventory/noaa_gfs_pgrb2b_1p00_f000/range.txt
noaa_gfs_pgrb2b_1p00_f000_var	noaa_gfs_pgrb2b_1p00_f000	fixtures/grib2_noaa/gfs.t00z.pgrb2b.1p00.f000.grib2		{WGRIB2} {fixture} -var	{MBT} {fixture} -var	text_diff	fixtures/wgrib2_snapshots/inventory/noaa_gfs_pgrb2b_1p00_f000/var.txt
noaa_gfs_pgrb2b_1p00_f000_lev	noaa_gfs_pgrb2b_1p00_f000	fixtures/grib2_noaa/gfs.t00z.pgrb2b.1p00.f000.grib2		{WGRIB2} {fixture} -lev	{MBT} {fixture} -lev	text_diff	fixtures/wgrib2_snapshots/inventory/noaa_gfs_pgrb2b_1p00_f000/lev.txt
noaa_gfs_pgrb2b_1p00_f000_ftime	noaa_gfs_pgrb2b_1p00_f000	fixtures/grib2_noaa/gfs.t00z.pgrb2b.1p00.f000.grib2		{WGRIB2} {fixture} -ftime	{MBT} {fixture} -ftime	text_diff	fixtures/wgrib2_snapshots/inventory/noaa_gfs_pgrb2b_1p00_f000/ftime.txt
noaa_gfs_pgrb2b_1p00_f000_grid	noaa_gfs_pgrb2b_1p00_f000	fixtures/grib2_noaa/gfs.t00z.pgrb2b.1p00.f000.grib2		{WGRIB2} {fixture} -grid	{MBT} {fixture} -grid	text_diff	fixtures/wgrib2_snapshots/inventory/noaa_gfs_pgrb2b_1p00_f000/grid.txt
noaa_gfs_pgrb2b_1p00_f000_pdt	noaa_gfs_pgrb2b_1p00_f000	fixtures/grib2_noaa/gfs.t00z.pgrb2b.1p00.f000.grib2		{WGRIB2} {fixture} -pdt	{MBT} {fixture} -pdt	text_diff	fixtures/wgrib2_snapshots/inventory/noaa_gfs_pgrb2b_1p00_f000/pdt.txt
noaa_gfs_pgrb2b_1p00_f000_process	noaa_gfs_pgrb2b_1p00_f000	fixtures/grib2_noaa/gfs.t00z.pgrb2b.1p00.f000.grib2		{WGRIB2} {fixture} -process	{MBT} {fixture} -process	text_diff	fixtures/wgrib2_snapshots/inventory/noaa_gfs_pgrb2b_1p00_f000/process.txt
noaa_gfs_pgrb2b_1p00_f000_ens	noaa_gfs_pgrb2b_1p00_f000	fixtures/grib2_noaa/gfs.t00z.pgrb2b.1p00.f000.grib2		{WGRIB2} {fixture} -ens	{MBT} {fixture} -ens	text_diff	fixtures/wgrib2_snapshots/inventory/noaa_gfs_pgrb2b_1p00_f000/ens.txt
noaa_gfs_pgrb2b_1p00_f000_prob	noaa_gfs_pgrb2b_1p00_f000	fixtures/grib2_noaa/gfs.t00z.pgrb2b.1p00.f000.grib2		{WGRIB2} {fixture} -prob	{MBT} {fixture} -prob	text_diff	fixtures/wgrib2_snapshots/inventory/noaa_gfs_pgrb2b_1p00_f000/prob.txt
noaa_gfs_pgrb2b_1p00_f000_disc	noaa_gfs_pgrb2b_1p00_f000	fixtures/grib2_noaa/gfs.t00z.pgrb2b.1p00.f000.grib2		{WGRIB2} {fixture} -disc	{MBT} {fixture} -disc	text_diff	fixtures/wgrib2_snapshots/inventory/noaa_gfs_pgrb2b_1p00_f000/disc.txt
noaa_gfs_pgrb2b_1p00_f000_center	noaa_gfs_pgrb2b_1p00_f000	fixtures/grib2_noaa/gfs.t00z.pgrb2b.1p00.f000.grib2		{WGRIB2} {fixture} -center	{MBT} {fixture} -center	text_diff	fixtures/wgrib2_snapshots/inventory/noaa_gfs_pgrb2b_1p00_f000/center.txt
noaa_gfs_pgrb2b_1p00_f000_subcenter	noaa_gfs_pgrb2b_1p00_f000	fixtures/grib2_noaa/gfs.t00z.pgrb2b.1p00.f000.grib2		{WGRIB2} {fixture} -subcenter	{MBT} {fixture} -subcenter	text_diff	fixtures/wgrib2_snapshots/inventory/noaa_gfs_pgrb2b_1p00_f000/subcenter.txt
noaa_gfs_pgrb2b_1p00_f000_packing	noaa_gfs_pgrb2b_1p00_f000	fixtures/grib2_noaa/gfs.t00z.pgrb2b.1p00.f000.grib2		{WGRIB2} {fixture} -packing	{MBT} {fixture} -packing	text_diff	fixtures/wgrib2_snapshots/inventory/noaa_gfs_pgrb2b_1p00_f000/packing.txt
noaa_gfs_pgrb2b_1p00_f000_bitmap	noaa_gfs_pgrb2b_1p00_f000	fixtures/grib2_noaa/gfs.t00z.pgrb2b.1p00.f000.grib2		{WGRIB2} {fixture} -bitmap	{MBT} {fixture} -bitmap	text_diff	fixtures/wgrib2_snapshots/inventory/noaa_gfs_pgrb2b_1p00_f000/bitmap.txt
noaa_gfs_pgrb2b_1p00_f000_nxny	noaa_gfs_pgrb2b_1p00_f000	fixtures/grib2_noaa/gfs.t00z.pgrb2b.1p00.f000.grib2		{WGRIB2} {fixture} -nxny	{MBT} {fixture} -nxny	text_diff	fixtures/wgrib2_snapshots/inventory/noaa_gfs_pgrb2b_1p00_f000/nxny.txt
noaa_gfs_pgrb2b_1p00_f000_npts	noaa_gfs_pgrb2b_1p00_f000	fixtures/grib2_noaa/gfs.t00z.pgrb2b.1p00.f000.grib2		{WGRIB2} {fixture} -npts	{MBT} {fixture} -npts	text_diff	fixtures/wgrib2_snapshots/inventory/noaa_gfs_pgrb2b_1p00_f000/npts.txt
noaa_gfs_pgrb2b_1p00_f000_var_lev	noaa_gfs_pgrb2b_1p00_f000	fixtures/grib2_noaa/gfs.t00z.pgrb2b.1p00.f000.grib2		{WGRIB2} {fixture} -var -lev	{MBT} {fixture} -var -lev	text_diff	fixtures/wgrib2_snapshots/inventory/noaa_gfs_pgrb2b_1p00_f000/var_lev.txt
noaa_gfswave_atlocn_0p16_f000_default	noaa_gfswave_atlocn_0p16_f000	fixtures/grib2_noaa/gfswave.t00z.atlocn.0p16.f000.grib2		{WGRIB2} {fixture}	{MBT} {fixture}	text_diff	fixtures/wgrib2_snapshots/inventory/noaa_gfswave_atlocn_0p16_f000/default.txt
noaa_gfswave_atlocn_0p16_f000_s	noaa_gfswave_atlocn_0p16_f000	fixtures/grib2_noaa/gfswave.t00z.atlocn.0p16.f000.grib2		{WGRIB2} {fixture} -s	{MBT} {fixture} -s	text_diff	fixtures/wgrib2_snapshots/inventory/noaa_gfswave_atlocn_0p16_f000/s.txt
noaa_gfswave_atlocn_0p16_f000_Sec0	noaa_gfswave_atlocn_0p16_f000	fixtures/grib2_noaa/gfswave.t00z.atlocn.0p16.f000.grib2		{WGRIB2} {fixture} -Sec0	{MBT} {fixture} -Sec0	text_diff	fixtures/wgrib2_snapshots/inventory/noaa_gfswave_atlocn_0p16_f000/Sec0.txt
noaa_gfswave_atlocn_0p16_f000_Sec3	noaa_gfswave_atlocn_0p16_f000	fixtures/grib2_noaa/gfswave.t00z.atlocn.0p16.f000.grib2		{WGRIB2} {fixture} -Sec3	{MBT} {fixture} -Sec3	text_diff	fixtures/wgrib2_snapshots/inventory/noaa_gfswave_atlocn_0p16_f000/Sec3.txt
noaa_gfswave_atlocn_0p16_f000_Sec4	noaa_gfswave_atlocn_0p16_f000	fixtures/grib2_noaa/gfswave.t00z.atlocn.0p16.f000.grib2		{WGRIB2} {fixture} -Sec4	{MBT} {fixture} -Sec4	text_diff	fixtures/wgrib2_snapshots/inventory/noaa_gfswave_atlocn_0p16_f000/Sec4.txt
noaa_gfswave_atlocn_0p16_f000_Sec5	noaa_gfswave_atlocn_0p16_f000	fixtures/grib2_noaa/gfswave.t00z.atlocn.0p16.f000.grib2		{WGRIB2} {fixture} -Sec5	{MBT} {fixture} -Sec5	text_diff	fixtures/wgrib2_snapshots/inventory/noaa_gfswave_atlocn_0p16_f000/Sec5.txt
noaa_gfswave_atlocn_0p16_f000_Sec6	noaa_gfswave_atlocn_0p16_f000	fixtures/grib2_noaa/gfswave.t00z.atlocn.0p16.f000.grib2		{WGRIB2} {fixture} -Sec6	{MBT} {fixture} -Sec6	text_diff	fixtures/wgrib2_snapshots/inventory/noaa_gfswave_atlocn_0p16_f000/Sec6.txt
noaa_gfswave_atlocn_0p16_f000_Sec_len	noaa_gfswave_atlocn_0p16_f000	fixtures/grib2_noaa/gfswave.t00z.atlocn.0p16.f000.grib2		{WGRIB2} {fixture} -Sec_len	{MBT} {fixture} -Sec_len	text_diff	fixtures/wgrib2_snapshots/inventory/noaa_gfswave_atlocn_0p16_f000/Sec_len.txt
noaa_gfswave_atlocn_0p16_f000_n	noaa_gfswave_atlocn_0p16_f000	fixtures/grib2_noaa/gfswave.t00z.atlocn.0p16.f000.grib2		{WGRIB2} {fixture} -n	{MBT} {fixture} -n	text_diff	fixtures/wgrib2_snapshots/inventory/noaa_gfswave_atlocn_0p16_f000/n.txt
noaa_gfswave_atlocn_0p16_f000_range	noaa_gfswave_atlocn_0p16_f000	fixtures/grib2_noaa/gfswave.t00z.atlocn.0p16.f000.grib2		{WGRIB2} {fixture} -range	{MBT} {fixture} -range	text_diff	fixtures/wgrib2_snapshots/inventory/noaa_gfswave_atlocn_0p16_f000/range.txt
noaa_gfswave_atlocn_0p16_f000_var	noaa_gfswave_atlocn_0p16_f000	fixtures/grib2_noaa/gfswave.t00z.atlocn.0p16.f000.grib2		{WGRIB2} {fixture} -var	{MBT} {fixture} -var	text_diff	fixtures/wgrib2_snapshots/inventory/noaa_gfswave_atlocn_0p16_f000/var.txt
noaa_gfswave_atlocn_0p16_f000_lev	noaa_gfswave_atlocn_0p16_f000	fixtures/grib2_noaa/gfswave.t00z.atlocn.0p16.f000.grib2		{WGRIB2} {fixture} -lev	{MBT} {fixture} -lev	text_diff	fixtures/wgrib2_snapshots/inventory/noaa_gfswave_atlocn_0p16_f000/lev.txt
noaa_gfswave_atlocn_0p16_f000_ftime	noaa_gfswave_atlocn_0p16_f000	fixtures/grib2_noaa/gfswave.t00z.atlocn.0p16.f000.grib2		{WGRIB2} {fixture} -ftime	{MBT} {fixture} -ftime	text_diff	fixtures/wgrib2_snapshots/inventory/noaa_gfswave_atlocn_0p16_f000/ftime.txt
noaa_gfswave_atlocn_0p16_f000_grid	noaa_gfswave_atlocn_0p16_f000	fixtures/grib2_noaa/gfswave.t00z.atlocn.0p16.f000.grib2		{WGRIB2} {fixture} -grid	{MBT} {fixture} -grid	text_diff	fixtures/wgrib2_snapshots/inventory/noaa_gfswave_atlocn_0p16_f000/grid.txt
noaa_gfswave_atlocn_0p16_f000_pdt	noaa_gfswave_atlocn_0p16_f000	fixtures/grib2_noaa/gfswave.t00z.atlocn.0p16.f000.grib2		{WGRIB2} {fixture} -pdt	{MBT} {fixture} -pdt	text_diff	fixtures/wgrib2_snapshots/inventory/noaa_gfswave_atlocn_0p16_f000/pdt.txt
noaa_gfswave_atlocn_0p16_f000_process	noaa_gfswave_atlocn_0p16_f000	fixtures/grib2_noaa/gfswave.t00z.atlocn.0p16.f000.grib2		{WGRIB2} {fixture} -process	{MBT} {fixture} -process	text_diff	fixtures/wgrib2_snapshots/inventory/noaa_gfswave_atlocn_0p16_f000/process.txt
noaa_gfswave_atlocn_0p16_f000_ens	noaa_gfswave_atlocn_0p16_f000	fixtures/grib2_noaa/gfswave.t00z.atlocn.0p16.f000.grib2		{WGRIB2} {fixture} -ens	{MBT} {fixture} -ens	text_diff	fixtures/wgrib2_snapshots/inventory/noaa_gfswave_atlocn_0p16_f000/ens.txt
noaa_gfswave_atlocn_0p16_f000_prob	noaa_gfswave_atlocn_0p16_f000	fixtures/grib2_noaa/gfswave.t00z.atlocn.0p16.f000.grib2		{WGRIB2} {fixture} -prob	{MBT} {fixture} -prob	text_diff	fixtures/wgrib2_snapshots/inventory/noaa_gfswave_atlocn_0p16_f000/prob.txt
noaa_gfswave_atlocn_0p16_f000_disc	noaa_gfswave_atlocn_0p16_f000	fixtures/grib2_noaa/gfswave.t00z.atlocn.0p16.f000.grib2		{WGRIB2} {fixture} -disc	{MBT} {fixture} -disc	text_diff	fixtures/wgrib2_snapshots/inventory/noaa_gfswave_atlocn_0p16_f000/disc.txt
noaa_gfswave_atlocn_0p16_f000_center	noaa_gfswave_atlocn_0p16_f000	fixtures/grib2_noaa/gfswave.t00z.atlocn.0p16.f000.grib2		{WGRIB2} {fixture} -center	{MBT} {fixture} -center	text_diff	fixtures/wgrib2_snapshots/inventory/noaa_gfswave_atlocn_0p16_f000/center.txt
noaa_gfswave_atlocn_0p16_f000_subcenter	noaa_gfswave_atlocn_0p16_f000	fixtures/grib2_noaa/gfswave.t00z.atlocn.0p16.f000.grib2		{WGRIB2} {fixture} -subcenter	{MBT} {fixture} -subcenter	text_diff	fixtures/wgrib2_snapshots/inventory/noaa_gfswave_atlocn_0p16_f000/subcenter.txt
noaa_gfswave_atlocn_0p16_f000_packing	noaa_gfswave_atlocn_0p16_f000	fixtures/grib2_noaa/gfswave.t00z.atlocn.0p16.f000.grib2		{WGRIB2} {fixture} -packing	{MBT} {fixture} -packing	text_diff	fixtures/wgrib2_snapshots/inventory/noaa_gfswave_atlocn_0p16_f000/packing.txt
noaa_gfswave_atlocn_0p16_f000_bitmap	noaa_gfswave_atlocn_0p16_f000	fixtures/grib2_noaa/gfswave.t00z.atlocn.0p16.f000.grib2		{WGRIB2} {fixture} -bitmap	{MBT} {fixture} -bitmap	text_diff	fixtures/wgrib2_snapshots/inventory/noaa_gfswave_atlocn_0p16_f000/bitmap.txt
noaa_gfswave_atlocn_0p16_f000_nxny	noaa_gfswave_atlocn_0p16_f000	fixtures/grib2_noaa/gfswave.t00z.atlocn.0p16.f000.grib2		{WGRIB2} {fixture} -nxny	{MBT} {fixture} -nxny	text_diff	fixtures/wgrib2_snapshots/inventory/noaa_gfswave_atlocn_0p16_f000/nxny.txt
noaa_gfswave_atlocn_0p16_f000_npts	noaa_gfswave_atlocn_0p16_f000	fixtures/grib2_noaa/gfswave.t00z.atlocn.0p16.f000.grib2		{WGRIB2} {fixture} -npts	{MBT} {fixture} -npts	text_diff	fixtures/wgrib2_snapshots/inventory/noaa_gfswave_atlocn_0p16_f000/npts.txt
noaa_gfswave_atlocn_0p16_f000_var_lev	noaa_gfswave_atlocn_0p16_f000	fixtures/grib2_noaa/gfswave.t00z.atlocn.0p16.f000.grib2		{WGRIB2} {fixture} -var -lev	{MBT} {fixture} -var -lev	text_diff	fixtures/wgrib2_snapshots/inventory/noaa_gfswave_atlocn_0p16_f000/var_lev.txt
derived_gfs_scan32_default	derived_gfs_scan32	fixtures/grib2_derived/noaa_gfs_pgrb2_scan32_record1.grib2		{WGRIB2} {fixture}	{MBT} {fixture}	text_diff	fixtures/wgrib2_snapshots/inventory/derived_gfs_scan32/default.txt
derived_gfs_scan32_grid	derived_gfs_scan32	fixtures/grib2_derived/noaa_gfs_pgrb2_scan32_record1.grib2		{WGRIB2} {fixture} -grid	{MBT} {fixture} -grid	text_diff	fixtures/wgrib2_snapshots/inventory/derived_gfs_scan32/grid.txt
derived_gfs_scan32_stats	derived_gfs_scan32	fixtures/grib2_derived/noaa_gfs_pgrb2_scan32_record1.grib2		{WGRIB2} {fixture} -stats	{MBT} {fixture} -stats	stats_diff	
derived_gfs_scan48_default	derived_gfs_scan48	fixtures/grib2_derived/noaa_gfs_pgrb2_scan48_record1.grib2		{WGRIB2} {fixture}	{MBT} {fixture}	text_diff	fixtures/wgrib2_snapshots/inventory/derived_gfs_scan48/default.txt
derived_gfs_scan48_grid	derived_gfs_scan48	fixtures/grib2_derived/noaa_gfs_pgrb2_scan48_record1.grib2		{WGRIB2} {fixture} -grid	{MBT} {fixture} -grid	text_diff	fixtures/wgrib2_snapshots/inventory/derived_gfs_scan48/grid.txt
derived_gfs_scan48_stats	derived_gfs_scan48	fixtures/grib2_derived/noaa_gfs_pgrb2_scan48_record1.grib2		{WGRIB2} {fixture} -stats	{MBT} {fixture} -stats	stats_diff	
derived_gfswave_bitmap254_default	derived_gfswave_bitmap254	fixtures/grib2_derived/noaa_gfswave_global_bitmap254_records5_6.grib2		{WGRIB2} {fixture}	{MBT} {fixture}	text_diff	fixtures/wgrib2_snapshots/inventory/derived_gfswave_bitmap254/default.txt
derived_gfswave_bitmap254_sec6	derived_gfswave_bitmap254	fixtures/grib2_derived/noaa_gfswave_global_bitmap254_records5_6.grib2		{WGRIB2} {fixture} -Sec6	{MBT} {fixture} -Sec6	text_diff	fixtures/wgrib2_snapshots/inventory/derived_gfswave_bitmap254/Sec6.txt
derived_gfswave_bitmap254_bitmap	derived_gfswave_bitmap254	fixtures/grib2_derived/noaa_gfswave_global_bitmap254_records5_6.grib2		{WGRIB2} {fixture} -bitmap	{MBT} {fixture} -bitmap	text_diff	fixtures/wgrib2_snapshots/inventory/derived_gfswave_bitmap254/bitmap.txt
derived_gfswave_bitmap254_stats	derived_gfswave_bitmap254	fixtures/grib2_derived/noaa_gfswave_global_bitmap254_records5_6.grib2		{WGRIB2} {fixture} -stats	{MBT} {fixture} -stats	stats_diff	
jma_gsm_grib_bin	jma_gsm	fixtures/grib2_jma/Z__C_RJTD_20241206000000_GSM_GPV_Rgl_FD0000_grib2.bin		{WGRIB2} {fixture} -grib {out}	{MBT} {fixture} -grib {out}	binary_cmp	
jma_gsm_grib_out_bin	jma_gsm	fixtures/grib2_jma/Z__C_RJTD_20241206000000_GSM_GPV_Rgl_FD0000_grib2.bin		{WGRIB2} {fixture} -grib_out {out}	{MBT} {fixture} -grib_out {out}	binary_cmp	
jma_gsm_grib_ieee_multi	jma_gsm	fixtures/grib2_jma/Z__C_RJTD_20241206000000_GSM_GPV_Rgl_FD0000_grib2.bin		{WGRIB2} {fixture} -for_n 1:1 -grib_ieee {out}	{MBT} {fixture} -for_n 1:1 -grib_ieee {out}	multi_file	grb,head,tail,h
jma_gsm_bin_bin	jma_gsm	fixtures/grib2_jma/Z__C_RJTD_20241206000000_GSM_GPV_Rgl_FD0000_grib2.bin		{WGRIB2} {fixture} -bin {out}	{MBT} {fixture} -bin {out}	binary_cmp	
jma_gsm_ieee_bin	jma_gsm	fixtures/grib2_jma/Z__C_RJTD_20241206000000_GSM_GPV_Rgl_FD0000_grib2.bin		{WGRIB2} {fixture} -ieee {out}	{MBT} {fixture} -ieee {out}	binary_cmp	
jma_gsm_tosubmsg_bin	jma_gsm	fixtures/grib2_jma/Z__C_RJTD_20241206000000_GSM_GPV_Rgl_FD0000_grib2.bin		{WGRIB2} {fixture} -tosubmsg {out}	{MBT} {fixture} -tosubmsg {out}	binary_cmp	
jma_gsm_write_sec0_bin	jma_gsm	fixtures/grib2_jma/Z__C_RJTD_20241206000000_GSM_GPV_Rgl_FD0000_grib2.bin		{WGRIB2} {fixture} -write_sec 0 {out}	{MBT} {fixture} -write_sec 0 {out}	binary_cmp	
jma_gsm_write_sec8_bin	jma_gsm	fixtures/grib2_jma/Z__C_RJTD_20241206000000_GSM_GPV_Rgl_FD0000_grib2.bin		{WGRIB2} {fixture} -write_sec 8 {out}	{MBT} {fixture} -write_sec 8 {out}	binary_cmp	
jma_gsm_aaig_out	jma_gsm	fixtures/grib2_jma/Z__C_RJTD_20241206000000_GSM_GPV_Rgl_FD0000_grib2.bin		fixture_path="$(pwd)/{fixture}" && cd {tmp} && {WGRIB2} "${fixture_path}" -for_n 1:1:1 -AAIG >/dev/null && mv *.asc {out}	{MBT} {fixture} -for_n 1:1:1 -AAIG {out}	binary_cmp	
jma_gsm_aaiglong_out	jma_gsm	fixtures/grib2_jma/Z__C_RJTD_20241206000000_GSM_GPV_Rgl_FD0000_grib2.bin		fixture_path="$(pwd)/{fixture}" && cd {tmp} && {WGRIB2} "${fixture_path}" -for_n 1:1:1 -AAIGlong >/dev/null && mv *.asc {out}	{MBT} {fixture} -for_n 1:1:1 -AAIGlong {out} && mv {out}.asc {out}	binary_cmp	
noaa_gfs_pgrb2b_1p00_f000_grib_bin	noaa_gfs_pgrb2b_1p00_f000	fixtures/grib2_noaa/gfs.t00z.pgrb2b.1p00.f000.grib2		{WGRIB2} {fixture} -grib {out}	{MBT} {fixture} -grib {out}	binary_cmp	
noaa_gfs_pgrb2b_1p00_f000_grib_out_bin	noaa_gfs_pgrb2b_1p00_f000	fixtures/grib2_noaa/gfs.t00z.pgrb2b.1p00.f000.grib2		{WGRIB2} {fixture} -grib_out {out}	{MBT} {fixture} -grib_out {out}	binary_cmp	
noaa_gfs_pgrb2b_1p00_f000_grib_ieee_multi	noaa_gfs_pgrb2b_1p00_f000	fixtures/grib2_noaa/gfs.t00z.pgrb2b.1p00.f000.grib2		{WGRIB2} {fixture} -for_n 1:1 -grib_ieee {out}	{MBT} {fixture} -for_n 1:1 -grib_ieee {out}	multi_file	grb,head,tail,h
noaa_gfs_pgrb2b_1p00_f000_bin_bin	noaa_gfs_pgrb2b_1p00_f000	fixtures/grib2_noaa/gfs.t00z.pgrb2b.1p00.f000.grib2		{WGRIB2} {fixture} -bin {out}	{MBT} {fixture} -bin {out}	binary_cmp	
noaa_gfs_pgrb2b_1p00_f000_ieee_bin	noaa_gfs_pgrb2b_1p00_f000	fixtures/grib2_noaa/gfs.t00z.pgrb2b.1p00.f000.grib2		{WGRIB2} {fixture} -ieee {out}	{MBT} {fixture} -ieee {out}	binary_cmp	
noaa_gfs_pgrb2b_1p00_f000_tosubmsg_bin	noaa_gfs_pgrb2b_1p00_f000	fixtures/grib2_noaa/gfs.t00z.pgrb2b.1p00.f000.grib2		{WGRIB2} {fixture} -tosubmsg {out}	{MBT} {fixture} -tosubmsg {out}	binary_cmp	
noaa_gfs_pgrb2b_1p00_f000_write_sec0_bin	noaa_gfs_pgrb2b_1p00_f000	fixtures/grib2_noaa/gfs.t00z.pgrb2b.1p00.f000.grib2		{WGRIB2} {fixture} -write_sec 0 {out}	{MBT} {fixture} -write_sec 0 {out}	binary_cmp	
noaa_gfs_pgrb2b_1p00_f000_write_sec8_bin	noaa_gfs_pgrb2b_1p00_f000	fixtures/grib2_noaa/gfs.t00z.pgrb2b.1p00.f000.grib2		{WGRIB2} {fixture} -write_sec 8 {out}	{MBT} {fixture} -write_sec 8 {out}	binary_cmp	
noaa_gfs_pgrb2b_1p00_f000_aaig_out	noaa_gfs_pgrb2b_1p00_f000	fixtures/grib2_noaa/gfs.t00z.pgrb2b.1p00.f000.grib2		fixture_path="$(pwd)/{fixture}" && cd {tmp} && {WGRIB2} "${fixture_path}" -for_n 1:1:1 -AAIG >/dev/null && mv *.asc {out}	{MBT} {fixture} -for_n 1:1:1 -AAIG {out}	binary_cmp	
noaa_gfs_pgrb2b_1p00_f000_aaiglong_out	noaa_gfs_pgrb2b_1p00_f000	fixtures/grib2_noaa/gfs.t00z.pgrb2b.1p00.f000.grib2		fixture_path="$(pwd)/{fixture}" && cd {tmp} && {WGRIB2} "${fixture_path}" -for_n 1:1:1 -AAIGlong >/dev/null && mv *.asc {out}	{MBT} {fixture} -for_n 1:1:1 -AAIGlong {out} && mv {out}.asc {out}	binary_cmp	
noaa_gfswave_atlocn_0p16_f000_grib_bin	noaa_gfswave_atlocn_0p16_f000	fixtures/grib2_noaa/gfswave.t00z.atlocn.0p16.f000.grib2		{WGRIB2} {fixture} -grib {out}	{MBT} {fixture} -grib {out}	binary_cmp	
noaa_gfswave_atlocn_0p16_f000_grib_out_bin	noaa_gfswave_atlocn_0p16_f000	fixtures/grib2_noaa/gfswave.t00z.atlocn.0p16.f000.grib2		{WGRIB2} {fixture} -grib_out {out}	{MBT} {fixture} -grib_out {out}	binary_cmp	
noaa_gfswave_atlocn_0p16_f000_grib_ieee_multi	noaa_gfswave_atlocn_0p16_f000	fixtures/grib2_noaa/gfswave.t00z.atlocn.0p16.f000.grib2		{WGRIB2} {fixture} -for_n 1:1 -grib_ieee {out}	{MBT} {fixture} -for_n 1:1 -grib_ieee {out}	multi_file	grb,head,tail,h
noaa_gfswave_atlocn_0p16_f000_bin_bin	noaa_gfswave_atlocn_0p16_f000	fixtures/grib2_noaa/gfswave.t00z.atlocn.0p16.f000.grib2		{WGRIB2} {fixture} -bin {out}	{MBT} {fixture} -bin {out}	binary_cmp	
noaa_gfswave_atlocn_0p16_f000_ieee_bin	noaa_gfswave_atlocn_0p16_f000	fixtures/grib2_noaa/gfswave.t00z.atlocn.0p16.f000.grib2		{WGRIB2} {fixture} -ieee {out}	{MBT} {fixture} -ieee {out}	binary_cmp	
noaa_gfswave_atlocn_0p16_f000_tosubmsg_bin	noaa_gfswave_atlocn_0p16_f000	fixtures/grib2_noaa/gfswave.t00z.atlocn.0p16.f000.grib2		{WGRIB2} {fixture} -tosubmsg {out}	{MBT} {fixture} -tosubmsg {out}	binary_cmp	
noaa_gfswave_atlocn_0p16_f000_write_sec0_bin	noaa_gfswave_atlocn_0p16_f000	fixtures/grib2_noaa/gfswave.t00z.atlocn.0p16.f000.grib2		{WGRIB2} {fixture} -write_sec 0 {out}	{MBT} {fixture} -write_sec 0 {out}	binary_cmp	
noaa_gfswave_atlocn_0p16_f000_write_sec8_bin	noaa_gfswave_atlocn_0p16_f000	fixtures/grib2_noaa/gfswave.t00z.atlocn.0p16.f000.grib2		{WGRIB2} {fixture} -write_sec 8 {out}	{MBT} {fixture} -write_sec 8 {out}	binary_cmp	
noaa_gfswave_atlocn_0p16_f000_aaig_out	noaa_gfswave_atlocn_0p16_f000	fixtures/grib2_noaa/gfswave.t00z.atlocn.0p16.f000.grib2		fixture_path="$(pwd)/{fixture}" && cd {tmp} && {WGRIB2} "${fixture_path}" -for_n 1:1:1 -AAIG >/dev/null && mv *.asc {out}	{MBT} {fixture} -for_n 1:1:1 -AAIG {out}	binary_cmp	
noaa_gfswave_atlocn_0p16_f000_aaiglong_out	noaa_gfswave_atlocn_0p16_f000	fixtures/grib2_noaa/gfswave.t00z.atlocn.0p16.f000.grib2		fixture_path="$(pwd)/{fixture}" && cd {tmp} && {WGRIB2} "${fixture_path}" -for_n 1:1:1 -AAIGlong >/dev/null && mv *.asc {out}	{MBT} {fixture} -for_n 1:1:1 -AAIGlong {out} && mv {out}.asc {out}	binary_cmp	
jma_gsm_lola_grib_bin	jma_gsm	fixtures/grib2_jma/Z__C_RJTD_20241206000000_GSM_GPV_Rgl_FD0000_grib2.bin		{WGRIB2} {fixture} -for_n 1:1:1 -lola 0:720:0.5 -90:361:0.5 {out} grib	{MBT} {fixture} -for_n 1:1:1 -lola 0:720:0.5 -90:361:0.5 {out} grib	binary_cmp	
jma_gsm_ijsmall_grib_bin	jma_gsm	fixtures/grib2_jma/Z__C_RJTD_20241206000000_GSM_GPV_Rgl_FD0000_grib2.bin		{WGRIB2} {fixture} -for_n 1:1:1 -ijsmall_grib 1:720:1 1:361:1 {out}	{MBT} {fixture} -for_n 1:1:1 -ijsmall_grib 1:720:1 1:361:1 {out}	binary_cmp	
jma_gsm_small_grib_bin	jma_gsm	fixtures/grib2_jma/Z__C_RJTD_20241206000000_GSM_GPV_Rgl_FD0000_grib2.bin		{WGRIB2} {fixture} -for_n 1:1:1 -small_grib 0:359.5 -90:90 {out}	{MBT} {fixture} -for_n 1:1:1 -small_grib 0:359.5 -90:90 {out}	binary_cmp	
pgrb2_ijsmall_grib_bin	noaa_gfs_pgrb2_1p00_f000	fixtures/grib2_noaa/gfs.t00z.pgrb2.1p00.f000.grib2		{WGRIB2} {fixture} -for_n 1:1:1 -ijsmall_grib 1:360:1 1:181:1 {out}	{MBT} {fixture} -for_n 1:1:1 -ijsmall_grib 1:360:1 1:181:1 {out}	binary_cmp	
pgrb2_small_grib_bin	noaa_gfs_pgrb2_1p00_f000	fixtures/grib2_noaa/gfs.t00z.pgrb2.1p00.f000.grib2		{WGRIB2} {fixture} -for_n 1:1:1 -small_grib 0:359 -90:90 {out}	{MBT} {fixture} -for_n 1:1:1 -small_grib 0:359 -90:90 {out}	binary_cmp	
pgrb2_lola_grib_bin	noaa_gfs_pgrb2_1p00_f000	fixtures/grib2_noaa/gfs.t00z.pgrb2.1p00.f000.grib2		{WGRIB2} {fixture} -for_n 1:1:1 -lola 0:360:1 -90:181:1 {out} grib	{MBT} {fixture} -for_n 1:1:1 -lola 0:360:1 -90:181:1 {out} grib	binary_cmp	
pgrb2_aaig_out	noaa_gfs_pgrb2_1p00_f000	fixtures/grib2_noaa/gfs.t00z.pgrb2.1p00.f000.grib2		fixture_path="$(pwd)/{fixture}" && cd {tmp} && {WGRIB2} "${fixture_path}" -for_n 1:1:1 -AAIG >/dev/null && mv *.asc {out}	{MBT} {fixture} -for_n 1:1:1 -AAIG {out}	binary_cmp	
pgrb2_aaiglong_out	noaa_gfs_pgrb2_1p00_f000	fixtures/grib2_noaa/gfs.t00z.pgrb2.1p00.f000.grib2		fixture_path="$(pwd)/{fixture}" && cd {tmp} && {WGRIB2} "${fixture_path}" -for_n 1:1:1 -AAIGlong >/dev/null && mv *.asc {out}	{MBT} {fixture} -for_n 1:1:1 -AAIGlong {out} && mv {out}.asc {out}	binary_cmp	
reduced_gaussian_neighbor_bin	eccodes_reduced_gaussian_surface_jpeg	fixtures/grib2_jpeg2000/eccodes_reduced_gaussian_surface_jpeg.grib2		{WGRIB2} {fixture} -for_n 1:1 -reduced_gaussian_grid {out} -1 neighbor	{MBT} {fixture} -for_n 1:1 -reduced_gaussian_grid {out} -1 neighbor	binary_cmp	
reduced_gaussian_neighbor_extrap_bin	eccodes_reduced_gaussian_surface_jpeg	fixtures/grib2_jpeg2000/eccodes_reduced_gaussian_surface_jpeg.grib2		{WGRIB2} {fixture} -for_n 1:1 -reduced_gaussian_grid {out} -1 neighbor-extrapolate	{MBT} {fixture} -for_n 1:1 -reduced_gaussian_grid {out} -1 neighbor-extrapolate	binary_cmp	
reduced_gaussian_linear_bin	eccodes_reduced_gaussian_surface_jpeg	fixtures/grib2_jpeg2000/eccodes_reduced_gaussian_surface_jpeg.grib2		{WGRIB2} {fixture} -for_n 1:1 -reduced_gaussian_grid {out} -1 linear	{MBT} {fixture} -for_n 1:1 -reduced_gaussian_grid {out} -1 linear	binary_cmp	
reduced_gaussian_linear_extrap_bin	eccodes_reduced_gaussian_surface_jpeg	fixtures/grib2_jpeg2000/eccodes_reduced_gaussian_surface_jpeg.grib2		{WGRIB2} {fixture} -for_n 1:1 -reduced_gaussian_grid {out} -1 linear-extrapolate	{MBT} {fixture} -for_n 1:1 -reduced_gaussian_grid {out} -1 linear-extrapolate	binary_cmp	
pgrb2b_lola_grib_bin	noaa_gfs_pgrb2b_1p00_f000	fixtures/grib2_noaa/gfs.t00z.pgrb2b.1p00.f000.grib2		{WGRIB2} {fixture} -for_n 1:1:1 -lola 0:360:1 -90:181:1 {out} grib	{MBT} {fixture} -for_n 1:1:1 -lola 0:360:1 -90:181:1 {out} grib	binary_cmp	
pgrb2b_ijsmall_grib_bin	noaa_gfs_pgrb2b_1p00_f000	fixtures/grib2_noaa/gfs.t00z.pgrb2b.1p00.f000.grib2		{WGRIB2} {fixture} -for_n 1:1:1 -ijsmall_grib 1:360:1 1:181:1 {out}	{MBT} {fixture} -for_n 1:1:1 -ijsmall_grib 1:360:1 1:181:1 {out}	binary_cmp	
pgrb2b_small_grib_bin	noaa_gfs_pgrb2b_1p00_f000	fixtures/grib2_noaa/gfs.t00z.pgrb2b.1p00.f000.grib2		{WGRIB2} {fixture} -for_n 1:1:1 -small_grib 0:359 -90:90 {out}	{MBT} {fixture} -for_n 1:1:1 -small_grib 0:359 -90:90 {out}	binary_cmp	
derived_gfs_scan32_grib_out_bin	derived_gfs_scan32	fixtures/grib2_derived/noaa_gfs_pgrb2_scan32_record1.grib2		{WGRIB2} {fixture} -grib_out {out}	{MBT} {fixture} -grib_out {out}	binary_cmp	
derived_gfs_scan32_bin_bin	derived_gfs_scan32	fixtures/grib2_derived/noaa_gfs_pgrb2_scan32_record1.grib2		{WGRIB2} {fixture} -bin {out}	{MBT} {fixture} -bin {out}	binary_cmp	
derived_gfs_scan32_ieee_bin	derived_gfs_scan32	fixtures/grib2_derived/noaa_gfs_pgrb2_scan32_record1.grib2		{WGRIB2} {fixture} -ieee {out}	{MBT} {fixture} -ieee {out}	binary_cmp	
derived_gfs_scan48_grib_out_bin	derived_gfs_scan48	fixtures/grib2_derived/noaa_gfs_pgrb2_scan48_record1.grib2		{WGRIB2} {fixture} -grib_out {out}	{MBT} {fixture} -grib_out {out}	binary_cmp	
derived_gfs_scan48_bin_bin	derived_gfs_scan48	fixtures/grib2_derived/noaa_gfs_pgrb2_scan48_record1.grib2		{WGRIB2} {fixture} -bin {out}	{MBT} {fixture} -bin {out}	binary_cmp	
derived_gfs_scan48_ieee_bin	derived_gfs_scan48	fixtures/grib2_derived/noaa_gfs_pgrb2_scan48_record1.grib2		{WGRIB2} {fixture} -ieee {out}	{MBT} {fixture} -ieee {out}	binary_cmp	
derived_gfswave_bitmap254_grib_out_bin	derived_gfswave_bitmap254	fixtures/grib2_derived/noaa_gfswave_global_bitmap254_records5_6.grib2		{WGRIB2} {fixture} -grib_out {out}	{MBT} {fixture} -grib_out {out}	binary_cmp	
derived_gfswave_bitmap254_bin_bin	derived_gfswave_bitmap254	fixtures/grib2_derived/noaa_gfswave_global_bitmap254_records5_6.grib2		{WGRIB2} {fixture} -bin {out}	{MBT} {fixture} -bin {out}	binary_cmp	
derived_gfswave_bitmap254_ieee_bin	derived_gfswave_bitmap254	fixtures/grib2_derived/noaa_gfswave_global_bitmap254_records5_6.grib2		{WGRIB2} {fixture} -ieee {out}	{MBT} {fixture} -ieee {out}	binary_cmp	
jma_gsm_text_out	jma_gsm	fixtures/grib2_jma/Z__C_RJTD_20241206000000_GSM_GPV_Rgl_FD0000_grib2.bin		{WGRIB2} {fixture} -for_n 1:1:1 -text {out}	{MBT} {fixture} -for_n 1:1:1 -text {out}	binary_cmp	
jma_gsm_csv_out	jma_gsm	fixtures/grib2_jma/Z__C_RJTD_20241206000000_GSM_GPV_Rgl_FD0000_grib2.bin		{WGRIB2} {fixture} -for_n 1:1:1 -csv {out}	{MBT} {fixture} -for_n 1:1:1 -csv {out}	binary_cmp	
jma_gsm_csv_long_out	jma_gsm	fixtures/grib2_jma/Z__C_RJTD_20241206000000_GSM_GPV_Rgl_FD0000_grib2.bin		{WGRIB2} {fixture} -for_n 1:1:1 -csv_long {out}	{MBT} {fixture} -for_n 1:1:1 -csv_long {out}	binary_cmp	
jma_gsm_spread_out	jma_gsm	fixtures/grib2_jma/Z__C_RJTD_20241206000000_GSM_GPV_Rgl_FD0000_grib2.bin		{WGRIB2} {fixture} -for_n 1:1:1 -spread {out}	{MBT} {fixture} -for_n 1:1:1 -spread {out}	binary_cmp	
jma_gsm_gridout_out	jma_gsm	fixtures/grib2_jma/Z__C_RJTD_20241206000000_GSM_GPV_Rgl_FD0000_grib2.bin		{WGRIB2} {fixture} -for_n 1:1:1 -gridout {out}	{MBT} {fixture} -for_n 1:1:1 -gridout {out}	binary_cmp	
noaa_gfs_pgrb2b_1p00_f000_text_out	noaa_gfs_pgrb2b_1p00_f000	fixtures/grib2_noaa/gfs.t00z.pgrb2b.1p00.f000.grib2		{WGRIB2} {fixture} -for_n 1:1:1 -text {out}	{MBT} {fixture} -for_n 1:1:1 -text {out}	binary_cmp	
noaa_gfs_pgrb2b_1p00_f000_csv_out	noaa_gfs_pgrb2b_1p00_f000	fixtures/grib2_noaa/gfs.t00z.pgrb2b.1p00.f000.grib2		{WGRIB2} {fixture} -for_n 1:1:1 -csv {out}	{MBT} {fixture} -for_n 1:1:1 -csv {out}	binary_cmp	
noaa_gfs_pgrb2b_1p00_f000_csv_long_out	noaa_gfs_pgrb2b_1p00_f000	fixtures/grib2_noaa/gfs.t00z.pgrb2b.1p00.f000.grib2		{WGRIB2} {fixture} -for_n 1:1:1 -csv_long {out}	{MBT} {fixture} -for_n 1:1:1 -csv_long {out}	binary_cmp	
noaa_gfs_pgrb2b_1p00_f000_spread_out	noaa_gfs_pgrb2b_1p00_f000	fixtures/grib2_noaa/gfs.t00z.pgrb2b.1p00.f000.grib2		{WGRIB2} {fixture} -for_n 1:1:1 -spread {out}	{MBT} {fixture} -for_n 1:1:1 -spread {out}	binary_cmp	
noaa_gfs_pgrb2b_1p00_f000_gridout_out	noaa_gfs_pgrb2b_1p00_f000	fixtures/grib2_noaa/gfs.t00z.pgrb2b.1p00.f000.grib2		{WGRIB2} {fixture} -for_n 1:1:1 -gridout {out}	{MBT} {fixture} -for_n 1:1:1 -gridout {out}	binary_cmp	
noaa_gfswave_atlocn_0p16_f000_text_out	noaa_gfswave_atlocn_0p16_f000	fixtures/grib2_noaa/gfswave.t00z.atlocn.0p16.f000.grib2		{WGRIB2} {fixture} -for_n 1:1:1 -text {out}	{MBT} {fixture} -for_n 1:1:1 -text {out}	binary_cmp	
noaa_gfswave_atlocn_0p16_f000_csv_out	noaa_gfswave_atlocn_0p16_f000	fixtures/grib2_noaa/gfswave.t00z.atlocn.0p16.f000.grib2		{WGRIB2} {fixture} -for_n 1:1:1 -csv {out}	{MBT} {fixture} -for_n 1:1:1 -csv {out}	binary_cmp	
noaa_gfswave_atlocn_0p16_f000_csv_long_out	noaa_gfswave_atlocn_0p16_f000	fixtures/grib2_noaa/gfswave.t00z.atlocn.0p16.f000.grib2		{WGRIB2} {fixture} -for_n 1:1:1 -csv_long {out}	{MBT} {fixture} -for_n 1:1:1 -csv_long {out}	binary_cmp	
noaa_gfswave_atlocn_0p16_f000_spread_out	noaa_gfswave_atlocn_0p16_f000	fixtures/grib2_noaa/gfswave.t00z.atlocn.0p16.f000.grib2		{WGRIB2} {fixture} -for_n 1:1:1 -spread {out}	{MBT} {fixture} -for_n 1:1:1 -spread {out}	binary_cmp	
noaa_gfswave_atlocn_0p16_f000_gridout_out	noaa_gfswave_atlocn_0p16_f000	fixtures/grib2_noaa/gfswave.t00z.atlocn.0p16.f000.grib2		{WGRIB2} {fixture} -for_n 1:1:1 -gridout {out}	{MBT} {fixture} -for_n 1:1:1 -gridout {out}	binary_cmp	
jma_gsm_gribtable_used_out	jma_gsm	fixtures/grib2_jma/Z__C_RJTD_20241206000000_GSM_GPV_Rgl_FD0000_grib2.bin		{WGRIB2} {fixture} -gribtable_used {out}	{MBT} {fixture} -gribtable_used {out}	binary_cmp	
gfswave_gribtable_used_out	noaa_gfswave_atlocn_0p16_f000	fixtures/grib2_noaa/gfswave.t00z.atlocn.0p16.f000.grib2		{WGRIB2} {fixture} -gribtable_used {out}	{MBT} {fixture} -gribtable_used {out}	binary_cmp	
pgrb2_ijbox_text_out	noaa_gfs_pgrb2_1p00_f000	fixtures/grib2_noaa/gfs.t00z.pgrb2.1p00.f000.grib2		{WGRIB2} {fixture} -for_n 1:1:1 -ijbox 1:2:1 1:2:1 {out} text	{MBT} {fixture} -for_n 1:1:1 -ijbox 1:2:1 1:2:1 {out} text	binary_cmp	
pgrb2_ijbox_spread_out	noaa_gfs_pgrb2_1p00_f000	fixtures/grib2_noaa/gfs.t00z.pgrb2.1p00.f000.grib2		{WGRIB2} {fixture} -for_n 1:1:1 -ijbox 1:3:1 1:2:1 {out} spread	{MBT} {fixture} -for_n 1:1:1 -ijbox 1:3:1 1:2:1 {out} spread	binary_cmp	
pgrb2_gribtable_used_out	noaa_gfs_pgrb2_1p00_f000	fixtures/grib2_noaa/gfs.t00z.pgrb2.1p00.f000.grib2		{WGRIB2} {fixture} -gribtable_used {out}	{MBT} {fixture} -gribtable_used {out}	binary_cmp	
pgrb2_text_out	noaa_gfs_pgrb2_1p00_f000	fixtures/grib2_noaa/gfs.t00z.pgrb2.1p00.f000.grib2		{WGRIB2} {fixture} -for_n 1:1:1 -text {out}	{MBT} {fixture} -for_n 1:1:1 -text {out}	binary_cmp	
pgrb2_csv_out	noaa_gfs_pgrb2_1p00_f000	fixtures/grib2_noaa/gfs.t00z.pgrb2.1p00.f000.grib2		{WGRIB2} {fixture} -for_n 1:1:1 -csv {out}	{MBT} {fixture} -for_n 1:1:1 -csv {out}	binary_cmp	
pgrb2_csv_long_out	noaa_gfs_pgrb2_1p00_f000	fixtures/grib2_noaa/gfs.t00z.pgrb2.1p00.f000.grib2		{WGRIB2} {fixture} -for_n 1:1:1 -csv_long {out}	{MBT} {fixture} -for_n 1:1:1 -csv_long {out}	binary_cmp	
pgrb2_spread_out	noaa_gfs_pgrb2_1p00_f000	fixtures/grib2_noaa/gfs.t00z.pgrb2.1p00.f000.grib2		{WGRIB2} {fixture} -for_n 1:1:1 -spread {out}	{MBT} {fixture} -for_n 1:1:1 -spread {out}	binary_cmp	
pgrb2_gridout_out	noaa_gfs_pgrb2_1p00_f000	fixtures/grib2_noaa/gfs.t00z.pgrb2.1p00.f000.grib2		{WGRIB2} {fixture} -for_n 1:1:1 -gridout {out}	{MBT} {fixture} -for_n 1:1:1 -gridout {out}	binary_cmp	
jma_gsm_grib_out_irr_bin	jma_gsm	fixtures/grib2_jma/Z__C_RJTD_20241206000000_GSM_GPV_Rgl_FD0000_grib2.bin		{WGRIB2} {fixture} -for_n 1:1:1 -grib_out_irr all {out}	{MBT} {fixture} -for_n 1:1:1 -grib_out_irr all {out}	binary_cmp	
pgrb2b_grib_out_irr_defined_bin	noaa_gfs_pgrb2b_1p00_f000	fixtures/grib2_noaa/gfs.t00z.pgrb2b.1p00.f000.grib2		{WGRIB2} {fixture} -for_n 266:266:1 -grib_out_irr defined {out}	{MBT} {fixture} -for_n 266:266:1 -grib_out_irr defined {out}	binary_cmp	
gfswave_grib_out_irr_bin	noaa_gfswave_atlocn_0p16_f000	fixtures/grib2_noaa/gfswave.t00z.atlocn.0p16.f000.grib2		{WGRIB2} {fixture} -for_n 1:1:1 -grib_out_irr all {out}	{MBT} {fixture} -for_n 1:1:1 -grib_out_irr all {out}	binary_cmp	
jma_gsm_new_grid_bin	jma_gsm	fixtures/grib2_jma/Z__C_RJTD_20241206000000_GSM_GPV_Rgl_FD0000_grib2.bin		{WGRIB2} {fixture} -for_n 1:1:1 -new_grid latlon 0:720:0.5 -90:361:0.5 {out}	{MBT} {fixture} -for_n 1:1:1 -new_grid latlon 0:720:0.5 -90:361:0.5 {out}	binary_cmp	
jma_gsm_cress_lola_bin	jma_gsm	fixtures/grib2_jma/Z__C_RJTD_20241206000000_GSM_GPV_Rgl_FD0000_grib2.bin		{WGRIB2} {fixture} -for_n 1:1:1 -cress_lola 0:720:0.5 -90:361:0.5 {out} 1:2	{MBT} {fixture} -for_n 1:1:1 -cress_lola 0:720:0.5 -90:361:0.5 {out} 1:2	binary_cmp	
jma_gsm_irr_grid_bin	jma_gsm	fixtures/grib2_jma/Z__C_RJTD_20241206000000_GSM_GPV_Rgl_FD0000_grib2.bin		{WGRIB2} {fixture} -for_n 1:1:1 -irr_grid 0:90:0.5:89.5 100 {out}	{MBT} {fixture} -for_n 1:1:1 -irr_grid 0:90:0.5:89.5 100 {out}	binary_cmp	
jma_gsm_grib_out_irr2_bin	jma_gsm	fixtures/grib2_jma/Z__C_RJTD_20241206000000_GSM_GPV_Rgl_FD0000_grib2.bin		{WGRIB2} {fixture} -for_n 1:1:1 -grib_out_irr2 10 1 0 00000000-0000-0000-0000-000000000000 {out}	{MBT} {fixture} -for_n 1:1:1 -grib_out_irr2 10 1 0 00000000-0000-0000-0000-000000000000 {out}	binary_cmp	
pgrb2b_grib_out_irr2_bitmap_bin	noaa_gfs_pgrb2b_1p00_f000	fixtures/grib2_noaa/gfs.t00z.pgrb2b.1p00.f000.grib2		{WGRIB2} {fixture} -for_n 266:266:1 -grib_out_irr2 10 1 0 00000000-0000-0000-0000-000000000000 {out}	{MBT} {fixture} -for_n 266:266:1 -grib_out_irr2 10 1 0 00000000-0000-0000-0000-000000000000 {out}	binary_cmp	
gfswave_grib_out_irr2_bin	noaa_gfswave_atlocn_0p16_f000	fixtures/grib2_noaa/gfswave.t00z.atlocn.0p16.f000.grib2		{WGRIB2} {fixture} -for_n 1:1:1 -grib_out_irr2 10 1 0 00000000-0000-0000-0000-000000000000 {out}	{MBT} {fixture} -for_n 1:1:1 -grib_out_irr2 10 1 0 00000000-0000-0000-0000-000000000000 {out}	binary_cmp	
gfswave_new_grid_order_multi	noaa_gfswave_atlocn_0p16_f000	fixtures/grib2_noaa/gfswave.t00z.atlocn.0p16.f000.grib2		{WGRIB2} {fixture} -for_n 1:1:1 -new_grid_order {out}.grb2 {out}.out2	{MBT} {fixture} -for_n 1:1:1 -new_grid_order {out}.grb2 {out}.out2	multi_file	grb2,out2
pgrb2_ijbox_bin	noaa_gfs_pgrb2_1p00_f000	fixtures/grib2_noaa/gfs.t00z.pgrb2.1p00.f000.grib2		{WGRIB2} {fixture} -for_n 1:1:1 -ijbox 1:2:1 1:2:1 {out} bin	{MBT} {fixture} -for_n 1:1:1 -ijbox 1:2:1 1:2:1 {out} bin	binary_cmp	
pgrb2_grib_out_irr_bin	noaa_gfs_pgrb2_1p00_f000	fixtures/grib2_noaa/gfs.t00z.pgrb2.1p00.f000.grib2		{WGRIB2} {fixture} -for_n 1:1:1 -grib_out_irr all {out}	{MBT} {fixture} -for_n 1:1:1 -grib_out_irr all {out}	binary_cmp	
pgrb2_new_grid_bin	noaa_gfs_pgrb2_1p00_f000	fixtures/grib2_noaa/gfs.t00z.pgrb2.1p00.f000.grib2		{WGRIB2} {fixture} -for_n 1:1:1 -new_grid latlon 0:360:1 -90:181:1 {out}	{MBT} {fixture} -for_n 1:1:1 -new_grid latlon 0:360:1 -90:181:1 {out}	binary_cmp	
pgrb2_new_grid_bilinear_bin	noaa_gfs_pgrb2_1p00_f000	fixtures/grib2_noaa/gfs.t00z.pgrb2.1p00.f000.grib2		{WGRIB2} {fixture} -for_n 1:1:1 -new_grid latlon 0.5:8:1 -89.5:8:1 {out}	{MBT} {fixture} -for_n 1:1:1 -new_grid latlon 0.5:8:1 -89.5:8:1 {out}	binary_cmp	
pgrb2_new_grid_neighbor_bin	noaa_gfs_pgrb2_1p00_f000	fixtures/grib2_noaa/gfs.t00z.pgrb2.1p00.f000.grib2		{WGRIB2} {fixture} -for_n 1:1:1 -new_grid_interpolation neighbor -new_grid latlon 0.5:8:1 -89.5:8:1 {out}	{MBT} {fixture} -for_n 1:1:1 -new_grid_interpolation neighbor -new_grid latlon 0.5:8:1 -89.5:8:1 {out}	binary_cmp	
pgrb2_new_grid_bilinear_uv_bin	noaa_gfs_pgrb2_1p00_f000	fixtures/grib2_noaa/gfs.t00z.pgrb2.1p00.f000.grib2		{WGRIB2} {fixture} -for_n 11:12:1 -new_grid latlon 0.5:8:1 -89.5:8:1 {out}	{MBT} {fixture} -for_n 11:12:1 -new_grid latlon 0.5:8:1 -89.5:8:1 {out}	binary_cmp	
pgrb2_new_grid_neighbor_uv_bin	noaa_gfs_pgrb2_1p00_f000	fixtures/grib2_noaa/gfs.t00z.pgrb2.1p00.f000.grib2		{WGRIB2} {fixture} -for_n 11:12:1 -new_grid_interpolation neighbor -new_grid latlon 0.5:8:1 -89.5:8:1 {out}	{MBT} {fixture} -for_n 11:12:1 -new_grid_interpolation neighbor -new_grid latlon 0.5:8:1 -89.5:8:1 {out}	binary_cmp	
pgrb2_new_grid_bilinear_uv_eq_bin	noaa_gfs_pgrb2_1p00_f000	fixtures/grib2_noaa/gfs.t00z.pgrb2.1p00.f000.grib2		{WGRIB2} {fixture} -for_n 11:12:1 -new_grid latlon 100.5:8:1 0.5:8:1 {out}	{MBT} {fixture} -for_n 11:12:1 -new_grid latlon 100.5:8:1 0.5:8:1 {out}	binary_cmp	
pgrb2_cress_lola_bin	noaa_gfs_pgrb2_1p00_f000	fixtures/grib2_noaa/gfs.t00z.pgrb2.1p00.f000.grib2		{WGRIB2} {fixture} -for_n 1:1:1 -cress_lola 0:360:1 -90:181:1 {out} 1:2	{MBT} {fixture} -for_n 1:1:1 -cress_lola 0:360:1 -90:181:1 {out} 1:2	binary_cmp	
pgrb2_cress_lola_neg_bin	noaa_gfs_pgrb2_1p00_f000	fixtures/grib2_noaa/gfs.t00z.pgrb2.1p00.f000.grib2		{WGRIB2} {fixture} -for_n 1:1:1 -cress_lola 0:360:1 -90:181:1 {out} -50	{MBT} {fixture} -for_n 1:1:1 -cress_lola 0:360:1 -90:181:1 {out} -50	binary_cmp	
pgrb2_cress_lola_offgrid_bin	noaa_gfs_pgrb2_1p00_f000	fixtures/grib2_noaa/gfs.t00z.pgrb2.1p00.f000.grib2		{WGRIB2} {fixture} -for_n 1:1:1 -cress_lola 0.25:6:0.5 -89:5:0.5 {out} 1:2	{MBT} {fixture} -for_n 1:1:1 -cress_lola 0.25:6:0.5 -89:5:0.5 {out} 1:2	binary_cmp	
pgrb2_cress_lola_offgrid_neg_bin	noaa_gfs_pgrb2_1p00_f000	fixtures/grib2_noaa/gfs.t00z.pgrb2.1p00.f000.grib2		{WGRIB2} {fixture} -for_n 1:1:1 -cress_lola 0.25:6:0.5 -89:5:0.5 {out} -50	{MBT} {fixture} -for_n 1:1:1 -cress_lola 0.25:6:0.5 -89:5:0.5 {out} -50	binary_cmp	
pgrb2_cress_lola_offgrid_negpos_bin	noaa_gfs_pgrb2_1p00_f000	fixtures/grib2_noaa/gfs.t00z.pgrb2.1p00.f000.grib2		{WGRIB2} {fixture} -for_n 1:1:1 -cress_lola 0.25:6:0.5 -89:5:0.5 {out} -1:2	{MBT} {fixture} -for_n 1:1:1 -cress_lola 0.25:6:0.5 -89:5:0.5 {out} -1:2	binary_cmp	
pgrb2_cress_lola_offgrid_uv_bin	noaa_gfs_pgrb2_1p00_f000	fixtures/grib2_noaa/gfs.t00z.pgrb2.1p00.f000.grib2		{WGRIB2} {fixture} -for_n 11:12:1 -cress_lola 0.25:6:0.5 -89:5:0.5 {out} 1:2	{MBT} {fixture} -for_n 11:12:1 -cress_lola 0.25:6:0.5 -89:5:0.5 {out} 1:2	binary_cmp	
pgrb2_cress_lola_offgrid_uv_neg_bin	noaa_gfs_pgrb2_1p00_f000	fixtures/grib2_noaa/gfs.t00z.pgrb2.1p00.f000.grib2		{WGRIB2} {fixture} -for_n 11:12:1 -cress_lola 0.25:6:0.5 -89:5:0.5 {out} -50	{MBT} {fixture} -for_n 11:12:1 -cress_lola 0.25:6:0.5 -89:5:0.5 {out} -50	binary_cmp	
pgrb2_cress_lola_offgrid_uv_negpos_bin	noaa_gfs_pgrb2_1p00_f000	fixtures/grib2_noaa/gfs.t00z.pgrb2.1p00.f000.grib2		{WGRIB2} {fixture} -for_n 11:12:1 -cress_lola 0.25:6:0.5 -89:5:0.5 {out} -1:2	{MBT} {fixture} -for_n 11:12:1 -cress_lola 0.25:6:0.5 -89:5:0.5 {out} -1:2	binary_cmp	
pgrb2_irr_grid_bin	noaa_gfs_pgrb2_1p00_f000	fixtures/grib2_noaa/gfs.t00z.pgrb2.1p00.f000.grib2		{WGRIB2} {fixture} -for_n 1:1:1 -irr_grid 0:90:1:89 100 {out}	{MBT} {fixture} -for_n 1:1:1 -irr_grid 0:90:1:89 100 {out}	binary_cmp	
pgrb2_grib_out_irr2_bin	noaa_gfs_pgrb2_1p00_f000	fixtures/grib2_noaa/gfs.t00z.pgrb2.1p00.f000.grib2		{WGRIB2} {fixture} -for_n 1:1:1 -grib_out_irr2 10 1 0 00000000-0000-0000-0000-000000000000 {out}	{MBT} {fixture} -for_n 1:1:1 -grib_out_irr2 10 1 0 00000000-0000-0000-0000-000000000000 {out}	binary_cmp	
pgrb2_grib_out_irr2_pad_bin	noaa_gfs_pgrb2_1p00_f000	fixtures/grib2_noaa/gfs.t00z.pgrb2.1p00.f000.grib2		{WGRIB2} {fixture} -for_n 1:1:1 -grib_out_irr2 70000 1 0 00000000-0000-0000-0000-000000000000 {out}	{MBT} {fixture} -for_n 1:1:1 -grib_out_irr2 70000 1 0 00000000-0000-0000-0000-000000000000 {out}	binary_cmp	
gfswave_irr_grid_bin	noaa_gfswave_atlocn_0p16_f000	fixtures/grib2_noaa/gfswave.t00z.atlocn.0p16.f000.grib2		{WGRIB2} {fixture} -for_n 1:1:1 -irr_grid 260:55:260.166667:54.833333 100 {out}	{MBT} {fixture} -for_n 1:1:1 -irr_grid 260:55:260.166667:54.833333 100 {out}	binary_cmp	
gfswave_new_grid_bin	noaa_gfswave_atlocn_0p16_f000	fixtures/grib2_noaa/gfswave.t00z.atlocn.0p16.f000.grib2		{WGRIB2} {fixture} -for_n 5:5:1 -new_grid latlon 260:301:0.166667 0:331:0.166667 {out}	{MBT} {fixture} -for_n 5:5:1 -new_grid latlon 260:301:0.166667 0:331:0.166667 {out}	binary_cmp	
gfswave_new_grid_neighbor_bin	noaa_gfswave_atlocn_0p16_f000	fixtures/grib2_noaa/gfswave.t00z.atlocn.0p16.f000.grib2		{WGRIB2} {fixture} -for_n 5:5:1 -new_grid_interpolation neighbor -new_grid latlon 260:301:0.166667 0:331:0.166667 {out}	{MBT} {fixture} -for_n 5:5:1 -new_grid_interpolation neighbor -new_grid latlon 260:301:0.166667 0:331:0.166667 {out}	binary_cmp	
gfswave_new_grid_wind_bin	noaa_gfswave_atlocn_0p16_f000	fixtures/grib2_noaa/gfswave.t00z.atlocn.0p16.f000.grib2		{WGRIB2} {fixture} -for_n 1:1:1 -new_grid latlon 260.5:8:1 0.5:8:1 {out}	{MBT} {fixture} -for_n 1:1:1 -new_grid latlon 260.5:8:1 0.5:8:1 {out}	binary_cmp	
gfswave_new_grid_wdir_bin	noaa_gfswave_atlocn_0p16_f000	fixtures/grib2_noaa/gfswave.t00z.atlocn.0p16.f000.grib2		{WGRIB2} {fixture} -for_n 2:2:1 -new_grid latlon 260.5:8:1 0.5:8:1 {out}	{MBT} {fixture} -for_n 2:2:1 -new_grid latlon 260.5:8:1 0.5:8:1 {out}	binary_cmp	
gfswave_new_grid_uv_bin	noaa_gfswave_atlocn_0p16_f000	fixtures/grib2_noaa/gfswave.t00z.atlocn.0p16.f000.grib2		{WGRIB2} {fixture} -for_n 3:4:1 -new_grid latlon 260.5:8:1 0.5:8:1 {out}	{MBT} {fixture} -for_n 3:4:1 -new_grid latlon 260.5:8:1 0.5:8:1 {out}	binary_cmp	
gfswave_new_grid_neighbor_wind_bin	noaa_gfswave_atlocn_0p16_f000	fixtures/grib2_noaa/gfswave.t00z.atlocn.0p16.f000.grib2		{WGRIB2} {fixture} -for_n 1:1:1 -new_grid_interpolation neighbor -new_grid latlon 260.5:8:1 0.5:8:1 {out}	{MBT} {fixture} -for_n 1:1:1 -new_grid_interpolation neighbor -new_grid latlon 260.5:8:1 0.5:8:1 {out}	binary_cmp	
gfswave_new_grid_neighbor_wdir_bin	noaa_gfswave_atlocn_0p16_f000	fixtures/grib2_noaa/gfswave.t00z.atlocn.0p16.f000.grib2		{WGRIB2} {fixture} -for_n 2:2:1 -new_grid_interpolation neighbor -new_grid latlon 260.5:8:1 0.5:8:1 {out}	{MBT} {fixture} -for_n 2:2:1 -new_grid_interpolation neighbor -new_grid latlon 260.5:8:1 0.5:8:1 {out}	binary_cmp	
gfswave_new_grid_neighbor_uv_bin	noaa_gfswave_atlocn_0p16_f000	fixtures/grib2_noaa/gfswave.t00z.atlocn.0p16.f000.grib2		{WGRIB2} {fixture} -for_n 3:4:1 -new_grid_interpolation neighbor -new_grid latlon 260.5:8:1 0.5:8:1 {out}	{MBT} {fixture} -for_n 3:4:1 -new_grid_interpolation neighbor -new_grid latlon 260.5:8:1 0.5:8:1 {out}	binary_cmp	
gfswave_cress_lola_bin	noaa_gfswave_atlocn_0p16_f000	fixtures/grib2_noaa/gfswave.t00z.atlocn.0p16.f000.grib2		{WGRIB2} {fixture} -for_n 5:5:1 -cress_lola 260:301:0.166667 0:331:0.166667 {out} 1:2	{MBT} {fixture} -for_n 5:5:1 -cress_lola 260:301:0.166667 0:331:0.166667 {out} 1:2	binary_cmp	
gfswave_cress_lola_offgrid_bin	noaa_gfswave_atlocn_0p16_f000	fixtures/grib2_noaa/gfswave.t00z.atlocn.0p16.f000.grib2		{WGRIB2} {fixture} -for_n 5:5:1 -cress_lola 260.5:8:1 0.5:8:1 {out} 1:2	{MBT} {fixture} -for_n 5:5:1 -cress_lola 260.5:8:1 0.5:8:1 {out} 1:2	binary_cmp	
gfswave_cress_lola_uv_offgrid_bin	noaa_gfswave_atlocn_0p16_f000	fixtures/grib2_noaa/gfswave.t00z.atlocn.0p16.f000.grib2		{WGRIB2} {fixture} -for_n 3:4:1 -cress_lola 260.5:8:1 0.5:8:1 {out} 1:2	{MBT} {fixture} -for_n 3:4:1 -cress_lola 260.5:8:1 0.5:8:1 {out} 1:2	binary_cmp	
gfswave_cress_lola_uv_offgrid_neg_bin	noaa_gfswave_atlocn_0p16_f000	fixtures/grib2_noaa/gfswave.t00z.atlocn.0p16.f000.grib2		{WGRIB2} {fixture} -for_n 3:4:1 -cress_lola 260.5:8:1 0.5:8:1 {out} -20	{MBT} {fixture} -for_n 3:4:1 -cress_lola 260.5:8:1 0.5:8:1 {out} -20	binary_cmp	
gfswave_cress_lola_uv_offgrid_negpos_bin	noaa_gfswave_atlocn_0p16_f000	fixtures/grib2_noaa/gfswave.t00z.atlocn.0p16.f000.grib2		{WGRIB2} {fixture} -for_n 3:4:1 -cress_lola 260.5:8:1 0.5:8:1 {out} -1:2	{MBT} {fixture} -for_n 3:4:1 -cress_lola 260.5:8:1 0.5:8:1 {out} -1:2	binary_cmp	
gfswave_cress_lola_offgrid_neg_bin	noaa_gfswave_atlocn_0p16_f000	fixtures/grib2_noaa/gfswave.t00z.atlocn.0p16.f000.grib2		{WGRIB2} {fixture} -for_n 5:5:1 -cress_lola 260.5:8:1 0.5:8:1 {out} -20	{MBT} {fixture} -for_n 5:5:1 -cress_lola 260.5:8:1 0.5:8:1 {out} -20	binary_cmp	
gfswave_cress_lola_offgrid_negpos_bin	noaa_gfswave_atlocn_0p16_f000	fixtures/grib2_noaa/gfswave.t00z.atlocn.0p16.f000.grib2		{WGRIB2} {fixture} -for_n 5:5:1 -cress_lola 260.5:8:1 0.5:8:1 {out} -1:2	{MBT} {fixture} -for_n 5:5:1 -cress_lola 260.5:8:1 0.5:8:1 {out} -1:2	binary_cmp	
gfswave_cress_lola_wind_offgrid_bin	noaa_gfswave_atlocn_0p16_f000	fixtures/grib2_noaa/gfswave.t00z.atlocn.0p16.f000.grib2		{WGRIB2} {fixture} -for_n 1:1:1 -cress_lola 260.5:8:1 0.5:8:1 {out} 1:2	{MBT} {fixture} -for_n 1:1:1 -cress_lola 260.5:8:1 0.5:8:1 {out} 1:2	binary_cmp	
gfswave_cress_lola_wdir_offgrid_bin	noaa_gfswave_atlocn_0p16_f000	fixtures/grib2_noaa/gfswave.t00z.atlocn.0p16.f000.grib2		{WGRIB2} {fixture} -for_n 2:2:1 -cress_lola 260.5:8:1 0.5:8:1 {out} 1:2	{MBT} {fixture} -for_n 2:2:1 -cress_lola 260.5:8:1 0.5:8:1 {out} 1:2	binary_cmp	
gfswave_cress_lola_wind_offgrid_neg_bin	noaa_gfswave_atlocn_0p16_f000	fixtures/grib2_noaa/gfswave.t00z.atlocn.0p16.f000.grib2		{WGRIB2} {fixture} -for_n 1:1:1 -cress_lola 260.5:8:1 0.5:8:1 {out} -20	{MBT} {fixture} -for_n 1:1:1 -cress_lola 260.5:8:1 0.5:8:1 {out} -20	binary_cmp	
gfswave_cress_lola_wdir_offgrid_neg_bin	noaa_gfswave_atlocn_0p16_f000	fixtures/grib2_noaa/gfswave.t00z.atlocn.0p16.f000.grib2		{WGRIB2} {fixture} -for_n 2:2:1 -cress_lola 260.5:8:1 0.5:8:1 {out} -20	{MBT} {fixture} -for_n 2:2:1 -cress_lola 260.5:8:1 0.5:8:1 {out} -20	binary_cmp	
gfswave_cress_lola_wind_offgrid_negpos_bin	noaa_gfswave_atlocn_0p16_f000	fixtures/grib2_noaa/gfswave.t00z.atlocn.0p16.f000.grib2		{WGRIB2} {fixture} -for_n 1:1:1 -cress_lola 260.5:8:1 0.5:8:1 {out} -1:2	{MBT} {fixture} -for_n 1:1:1 -cress_lola 260.5:8:1 0.5:8:1 {out} -1:2	binary_cmp	
gfswave_cress_lola_wdir_offgrid_negpos_bin	noaa_gfswave_atlocn_0p16_f000	fixtures/grib2_noaa/gfswave.t00z.atlocn.0p16.f000.grib2		{WGRIB2} {fixture} -for_n 2:2:1 -cress_lola 260.5:8:1 0.5:8:1 {out} -1:2	{MBT} {fixture} -for_n 2:2:1 -cress_lola 260.5:8:1 0.5:8:1 {out} -1:2	binary_cmp	
gfswave_cress_lola_neg_bin	noaa_gfswave_atlocn_0p16_f000	fixtures/grib2_noaa/gfswave.t00z.atlocn.0p16.f000.grib2		{WGRIB2} {fixture} -for_n 5:5:1 -cress_lola 260:301:0.166667 0:331:0.166667 {out} -20	{MBT} {fixture} -for_n 5:5:1 -cress_lola 260:301:0.166667 0:331:0.166667 {out} -20	binary_cmp	
gfswave_cress_lola_negpos_bin	noaa_gfswave_atlocn_0p16_f000	fixtures/grib2_noaa/gfswave.t00z.atlocn.0p16.f000.grib2		{WGRIB2} {fixture} -for_n 5:5:1 -cress_lola 260:301:0.166667 0:331:0.166667 {out} -1:2	{MBT} {fixture} -for_n 5:5:1 -cress_lola 260:301:0.166667 0:331:0.166667 {out} -1:2	binary_cmp	
pgrb2b_new_grid_bin	noaa_gfs_pgrb2b_1p00_f000	fixtures/grib2_noaa/gfs.t00z.pgrb2b.1p00.f000.grib2		{WGRIB2} {fixture} -for_n 1:1:1 -new_grid latlon 0:360:1 -90:181:1 {out}	{MBT} {fixture} -for_n 1:1:1 -new_grid latlon 0:360:1 -90:181:1 {out}	binary_cmp	
pgrb2b_new_grid_bilinear_bitmap_bin	noaa_gfs_pgrb2b_1p00_f000	fixtures/grib2_noaa/gfs.t00z.pgrb2b.1p00.f000.grib2		{WGRIB2} {fixture} -for_n 266:266:1 -new_grid latlon 130.5:8:1 30.5:8:1 {out}	{MBT} {fixture} -for_n 266:266:1 -new_grid latlon 130.5:8:1 30.5:8:1 {out}	binary_cmp	
pgrb2b_new_grid_neighbor_bitmap_bin	noaa_gfs_pgrb2b_1p00_f000	fixtures/grib2_noaa/gfs.t00z.pgrb2b.1p00.f000.grib2		{WGRIB2} {fixture} -for_n 266:266:1 -new_grid_interpolation neighbor -new_grid latlon 130.5:8:1 30.5:8:1 {out}	{MBT} {fixture} -for_n 266:266:1 -new_grid_interpolation neighbor -new_grid latlon 130.5:8:1 30.5:8:1 {out}	binary_cmp	
pgrb2b_cress_lola_bin	noaa_gfs_pgrb2b_1p00_f000	fixtures/grib2_noaa/gfs.t00z.pgrb2b.1p00.f000.grib2		{WGRIB2} {fixture} -for_n 1:1:1 -cress_lola 0:360:1 -90:181:1 {out} 1:2	{MBT} {fixture} -for_n 1:1:1 -cress_lola 0:360:1 -90:181:1 {out} 1:2	binary_cmp	
pgrb2b_cress_lola_neg_bin	noaa_gfs_pgrb2b_1p00_f000	fixtures/grib2_noaa/gfs.t00z.pgrb2b.1p00.f000.grib2		{WGRIB2} {fixture} -for_n 1:1:1 -cress_lola 0:360:1 -90:181:1 {out} -50	{MBT} {fixture} -for_n 1:1:1 -cress_lola 0:360:1 -90:181:1 {out} -50	binary_cmp	
pgrb2b_cress_lola_offgrid_bitmap_bin	noaa_gfs_pgrb2b_1p00_f000	fixtures/grib2_noaa/gfs.t00z.pgrb2b.1p00.f000.grib2		{WGRIB2} {fixture} -for_n 266:266:1 -cress_lola 130.25:6:0.5 30.5:5:0.5 {out} 1:2	{MBT} {fixture} -for_n 266:266:1 -cress_lola 130.25:6:0.5 30.5:5:0.5 {out} 1:2	binary_cmp	
pgrb2b_cress_lola_offgrid_bitmap_neg_bin	noaa_gfs_pgrb2b_1p00_f000	fixtures/grib2_noaa/gfs.t00z.pgrb2b.1p00.f000.grib2		{WGRIB2} {fixture} -for_n 266:266:1 -cress_lola 130.25:6:0.5 30.5:5:0.5 {out} -50	{MBT} {fixture} -for_n 266:266:1 -cress_lola 130.25:6:0.5 30.5:5:0.5 {out} -50	binary_cmp	
pgrb2b_cress_lola_offgrid_bitmap_negpos_bin	noaa_gfs_pgrb2b_1p00_f000	fixtures/grib2_noaa/gfs.t00z.pgrb2b.1p00.f000.grib2		{WGRIB2} {fixture} -for_n 266:266:1 -cress_lola 130.25:6:0.5 30.5:5:0.5 {out} -1:2	{MBT} {fixture} -for_n 266:266:1 -cress_lola 130.25:6:0.5 30.5:5:0.5 {out} -1:2	binary_cmp	
derived_gfs_scan32_new_grid_bin	derived_gfs_scan32	fixtures/grib2_derived/noaa_gfs_pgrb2_scan32_record1.grib2		{WGRIB2} {fixture} -for_n 1:1:1 -new_grid latlon 0.25:6:0.5 -89:5:0.5 {out}	{MBT} {fixture} -for_n 1:1:1 -new_grid latlon 0.25:6:0.5 -89:5:0.5 {out}	binary_cmp	
derived_gfs_scan32_new_grid_neighbor_bin	derived_gfs_scan32	fixtures/grib2_derived/noaa_gfs_pgrb2_scan32_record1.grib2		{WGRIB2} {fixture} -for_n 1:1:1 -new_grid_interpolation neighbor -new_grid latlon 0.25:6:0.5 -89:5:0.5 {out}	{MBT} {fixture} -for_n 1:1:1 -new_grid_interpolation neighbor -new_grid latlon 0.25:6:0.5 -89:5:0.5 {out}	binary_cmp	
derived_gfs_scan32_cress_lola_bin	derived_gfs_scan32	fixtures/grib2_derived/noaa_gfs_pgrb2_scan32_record1.grib2		{WGRIB2} {fixture} -for_n 1:1:1 -cress_lola 0.25:6:0.5 -89:5:0.5 {out} 1:2	{MBT} {fixture} -for_n 1:1:1 -cress_lola 0.25:6:0.5 -89:5:0.5 {out} 1:2	binary_cmp	
derived_gfs_scan32_cress_lola_neg_bin	derived_gfs_scan32	fixtures/grib2_derived/noaa_gfs_pgrb2_scan32_record1.grib2		{WGRIB2} {fixture} -for_n 1:1:1 -cress_lola 0.25:6:0.5 -89:5:0.5 {out} -50	{MBT} {fixture} -for_n 1:1:1 -cress_lola 0.25:6:0.5 -89:5:0.5 {out} -50	binary_cmp	
derived_gfs_scan32_cress_lola_negpos_bin	derived_gfs_scan32	fixtures/grib2_derived/noaa_gfs_pgrb2_scan32_record1.grib2		{WGRIB2} {fixture} -for_n 1:1:1 -cress_lola 0.25:6:0.5 -89:5:0.5 {out} -1:2	{MBT} {fixture} -for_n 1:1:1 -cress_lola 0.25:6:0.5 -89:5:0.5 {out} -1:2	binary_cmp	
derived_pgrb2b_scan32_bitmap_new_grid_bin	derived_pgrb2b_scan32_bitmap	fixtures/grib2_derived/noaa_gfs_pgrb2b_scan32_bitmap_record266.grib2		{WGRIB2} {fixture} -for_n 1:1:1 -new_grid latlon 130.25:6:0.5 30.5:5:0.5 {out}	{MBT} {fixture} -for_n 1:1:1 -new_grid latlon 130.25:6:0.5 30.5:5:0.5 {out}	binary_cmp	
derived_pgrb2b_scan32_bitmap_new_grid_neighbor_bin	derived_pgrb2b_scan32_bitmap	fixtures/grib2_derived/noaa_gfs_pgrb2b_scan32_bitmap_record266.grib2		{WGRIB2} {fixture} -for_n 1:1:1 -new_grid_interpolation neighbor -new_grid latlon 130.25:6:0.5 30.5:5:0.5 {out}	{MBT} {fixture} -for_n 1:1:1 -new_grid_interpolation neighbor -new_grid latlon 130.25:6:0.5 30.5:5:0.5 {out}	binary_cmp	
derived_pgrb2b_scan32_bitmap_cress_lola_bin	derived_pgrb2b_scan32_bitmap	fixtures/grib2_derived/noaa_gfs_pgrb2b_scan32_bitmap_record266.grib2		{WGRIB2} {fixture} -for_n 1:1:1 -cress_lola 130.25:6:0.5 30.5:5:0.5 {out} 1:2	{MBT} {fixture} -for_n 1:1:1 -cress_lola 130.25:6:0.5 30.5:5:0.5 {out} 1:2	binary_cmp	
derived_pgrb2b_scan32_bitmap_cress_lola_neg_bin	derived_pgrb2b_scan32_bitmap	fixtures/grib2_derived/noaa_gfs_pgrb2b_scan32_bitmap_record266.grib2		{WGRIB2} {fixture} -for_n 1:1:1 -cress_lola 130.25:6:0.5 30.5:5:0.5 {out} -50	{MBT} {fixture} -for_n 1:1:1 -cress_lola 130.25:6:0.5 30.5:5:0.5 {out} -50	binary_cmp	
derived_pgrb2b_scan32_bitmap_cress_lola_negpos_bin	derived_pgrb2b_scan32_bitmap	fixtures/grib2_derived/noaa_gfs_pgrb2b_scan32_bitmap_record266.grib2		{WGRIB2} {fixture} -for_n 1:1:1 -cress_lola 130.25:6:0.5 30.5:5:0.5 {out} -1:2	{MBT} {fixture} -for_n 1:1:1 -cress_lola 130.25:6:0.5 30.5:5:0.5 {out} -1:2	binary_cmp	
derived_gfs_scan32_uv_new_grid_bin	derived_gfs_scan32_uv	fixtures/grib2_derived/noaa_gfs_pgrb2_scan32_uv_records11_12.grib2		{WGRIB2} {fixture} -for_n 1:2:1 -new_grid latlon 0.25:6:0.5 -89:5:0.5 {out}	{MBT} {fixture} -for_n 1:2:1 -new_grid latlon 0.25:6:0.5 -89:5:0.5 {out}	binary_cmp	
derived_gfs_scan32_uv_new_grid_neighbor_bin	derived_gfs_scan32_uv	fixtures/grib2_derived/noaa_gfs_pgrb2_scan32_uv_records11_12.grib2		{WGRIB2} {fixture} -for_n 1:2:1 -new_grid_interpolation neighbor -new_grid latlon 0.25:6:0.5 -89:5:0.5 {out}	{MBT} {fixture} -for_n 1:2:1 -new_grid_interpolation neighbor -new_grid latlon 0.25:6:0.5 -89:5:0.5 {out}	binary_cmp	
derived_gfs_scan32_uv_cress_lola_bin	derived_gfs_scan32_uv	fixtures/grib2_derived/noaa_gfs_pgrb2_scan32_uv_records11_12.grib2		{WGRIB2} {fixture} -for_n 1:2:1 -cress_lola 0.25:6:0.5 -89:5:0.5 {out} 1:2	{MBT} {fixture} -for_n 1:2:1 -cress_lola 0.25:6:0.5 -89:5:0.5 {out} 1:2	binary_cmp	
derived_gfs_scan32_uv_cress_lola_neg_bin	derived_gfs_scan32_uv	fixtures/grib2_derived/noaa_gfs_pgrb2_scan32_uv_records11_12.grib2		{WGRIB2} {fixture} -for_n 1:2:1 -cress_lola 0.25:6:0.5 -89:5:0.5 {out} -50	{MBT} {fixture} -for_n 1:2:1 -cress_lola 0.25:6:0.5 -89:5:0.5 {out} -50	binary_cmp	
derived_gfs_scan32_uv_cress_lola_negpos_bin	derived_gfs_scan32_uv	fixtures/grib2_derived/noaa_gfs_pgrb2_scan32_uv_records11_12.grib2		{WGRIB2} {fixture} -for_n 1:2:1 -cress_lola 0.25:6:0.5 -89:5:0.5 {out} -1:2	{MBT} {fixture} -for_n 1:2:1 -cress_lola 0.25:6:0.5 -89:5:0.5 {out} -1:2	binary_cmp	
derived_gfs_scan48_new_grid_combined	derived_gfs_scan48	fixtures/grib2_derived/noaa_gfs_pgrb2_scan48_record1.grib2		{WGRIB2} {fixture} -for_n 1:1:1 -new_grid latlon 0.25:6:0.5 -89:5:0.5 {out}	{MBT} {fixture} -for_n 1:1:1 -new_grid latlon 0.25:6:0.5 -89:5:0.5 {out}	combined_diff	
derived_gfs_scan48_new_grid_neighbor_combined	derived_gfs_scan48	fixtures/grib2_derived/noaa_gfs_pgrb2_scan48_record1.grib2		{WGRIB2} {fixture} -for_n 1:1:1 -new_grid_interpolation neighbor -new_grid latlon 0.25:6:0.5 -89:5:0.5 {out}	{MBT} {fixture} -for_n 1:1:1 -new_grid_interpolation neighbor -new_grid latlon 0.25:6:0.5 -89:5:0.5 {out}	combined_diff	
derived_gfs_scan48_cress_lola_bin	derived_gfs_scan48	fixtures/grib2_derived/noaa_gfs_pgrb2_scan48_record1.grib2		{WGRIB2} {fixture} -for_n 1:1:1 -cress_lola 0.25:6:0.5 -89:5:0.5 {out} 1:2	{MBT} {fixture} -for_n 1:1:1 -cress_lola 0.25:6:0.5 -89:5:0.5 {out} 1:2	binary_cmp	
derived_gfs_scan48_cress_lola_neg_bin	derived_gfs_scan48	fixtures/grib2_derived/noaa_gfs_pgrb2_scan48_record1.grib2		{WGRIB2} {fixture} -for_n 1:1:1 -cress_lola 0.25:6:0.5 -89:5:0.5 {out} -50	{MBT} {fixture} -for_n 1:1:1 -cress_lola 0.25:6:0.5 -89:5:0.5 {out} -50	binary_cmp	
derived_gfs_scan48_cress_lola_negpos_bin	derived_gfs_scan48	fixtures/grib2_derived/noaa_gfs_pgrb2_scan48_record1.grib2		{WGRIB2} {fixture} -for_n 1:1:1 -cress_lola 0.25:6:0.5 -89:5:0.5 {out} -1:2	{MBT} {fixture} -for_n 1:1:1 -cress_lola 0.25:6:0.5 -89:5:0.5 {out} -1:2	binary_cmp	
derived_pgrb2b_scan48_bitmap_new_grid_combined	derived_pgrb2b_scan48_bitmap	fixtures/grib2_derived/noaa_gfs_pgrb2b_scan48_bitmap_record266.grib2		{WGRIB2} {fixture} -for_n 1:1:1 -new_grid latlon 130.25:6:0.5 30.5:5:0.5 {out}	{MBT} {fixture} -for_n 1:1:1 -new_grid latlon 130.25:6:0.5 30.5:5:0.5 {out}	combined_diff	
derived_pgrb2b_scan48_bitmap_new_grid_neighbor_combined	derived_pgrb2b_scan48_bitmap	fixtures/grib2_derived/noaa_gfs_pgrb2b_scan48_bitmap_record266.grib2		{WGRIB2} {fixture} -for_n 1:1:1 -new_grid_interpolation neighbor -new_grid latlon 130.25:6:0.5 30.5:5:0.5 {out}	{MBT} {fixture} -for_n 1:1:1 -new_grid_interpolation neighbor -new_grid latlon 130.25:6:0.5 30.5:5:0.5 {out}	combined_diff	
derived_pgrb2b_scan48_bitmap_cress_lola_bin	derived_pgrb2b_scan48_bitmap	fixtures/grib2_derived/noaa_gfs_pgrb2b_scan48_bitmap_record266.grib2		{WGRIB2} {fixture} -for_n 1:1:1 -cress_lola 130.25:6:0.5 30.5:5:0.5 {out} 1:2	{MBT} {fixture} -for_n 1:1:1 -cress_lola 130.25:6:0.5 30.5:5:0.5 {out} 1:2	binary_cmp	
derived_pgrb2b_scan48_bitmap_cress_lola_neg_bin	derived_pgrb2b_scan48_bitmap	fixtures/grib2_derived/noaa_gfs_pgrb2b_scan48_bitmap_record266.grib2		{WGRIB2} {fixture} -for_n 1:1:1 -cress_lola 130.25:6:0.5 30.5:5:0.5 {out} -50	{MBT} {fixture} -for_n 1:1:1 -cress_lola 130.25:6:0.5 30.5:5:0.5 {out} -50	binary_cmp	
derived_pgrb2b_scan48_bitmap_cress_lola_negpos_bin	derived_pgrb2b_scan48_bitmap	fixtures/grib2_derived/noaa_gfs_pgrb2b_scan48_bitmap_record266.grib2		{WGRIB2} {fixture} -for_n 1:1:1 -cress_lola 130.25:6:0.5 30.5:5:0.5 {out} -1:2	{MBT} {fixture} -for_n 1:1:1 -cress_lola 130.25:6:0.5 30.5:5:0.5 {out} -1:2	binary_cmp	
derived_gfs_scan48_uv_new_grid_combined	derived_gfs_scan48_uv	fixtures/grib2_derived/noaa_gfs_pgrb2_scan48_uv_records11_12.grib2		{WGRIB2} {fixture} -for_n 1:2:1 -new_grid latlon 0.25:6:0.5 -89:5:0.5 {out}	{MBT} {fixture} -for_n 1:2:1 -new_grid latlon 0.25:6:0.5 -89:5:0.5 {out}	combined_diff	
derived_gfs_scan48_uv_new_grid_neighbor_combined	derived_gfs_scan48_uv	fixtures/grib2_derived/noaa_gfs_pgrb2_scan48_uv_records11_12.grib2		{WGRIB2} {fixture} -for_n 1:2:1 -new_grid_interpolation neighbor -new_grid latlon 0.25:6:0.5 -89:5:0.5 {out}	{MBT} {fixture} -for_n 1:2:1 -new_grid_interpolation neighbor -new_grid latlon 0.25:6:0.5 -89:5:0.5 {out}	combined_diff	
derived_gfs_scan48_uv_cress_lola_bin	derived_gfs_scan48_uv	fixtures/grib2_derived/noaa_gfs_pgrb2_scan48_uv_records11_12.grib2		{WGRIB2} {fixture} -for_n 1:2:1 -cress_lola 0.25:6:0.5 -89:5:0.5 {out} 1:2	{MBT} {fixture} -for_n 1:2:1 -cress_lola 0.25:6:0.5 -89:5:0.5 {out} 1:2	binary_cmp	
derived_gfs_scan48_uv_cress_lola_neg_bin	derived_gfs_scan48_uv	fixtures/grib2_derived/noaa_gfs_pgrb2_scan48_uv_records11_12.grib2		{WGRIB2} {fixture} -for_n 1:2:1 -cress_lola 0.25:6:0.5 -89:5:0.5 {out} -50	{MBT} {fixture} -for_n 1:2:1 -cress_lola 0.25:6:0.5 -89:5:0.5 {out} -50	binary_cmp	
derived_gfs_scan48_uv_cress_lola_negpos_bin	derived_gfs_scan48_uv	fixtures/grib2_derived/noaa_gfs_pgrb2_scan48_uv_records11_12.grib2		{WGRIB2} {fixture} -for_n 1:2:1 -cress_lola 0.25:6:0.5 -89:5:0.5 {out} -1:2	{MBT} {fixture} -for_n 1:2:1 -cress_lola 0.25:6:0.5 -89:5:0.5 {out} -1:2	binary_cmp	
jma_gsm_submsg_uv_bin	jma_gsm	fixtures/grib2_jma/Z__C_RJTD_20241206000000_GSM_GPV_Rgl_FD0000_grib2.bin		{WGRIB2} {fixture} -for_n 3:4 -submsg_uv {out}	{MBT} {fixture} -for_n 3:4 -submsg_uv {out}	binary_cmp	
jma_gsm_ncep_uv_bin	jma_gsm	fixtures/grib2_jma/Z__C_RJTD_20241206000000_GSM_GPV_Rgl_FD0000_grib2.bin		{WGRIB2} {fixture} -for_n 3:4 -ncep_uv {out}	{MBT} {fixture} -for_n 3:4 -ncep_uv {out}	binary_cmp	
noaa_gfs_pgrb2b_1p00_f000_submsg_uv_bin	noaa_gfs_pgrb2b_1p00_f000	fixtures/grib2_noaa/gfs.t00z.pgrb2b.1p00.f000.grib2		{WGRIB2} {fixture} -for_n 4:5 -submsg_uv {out}	{MBT} {fixture} -for_n 4:5 -submsg_uv {out}	binary_cmp	
noaa_gfs_pgrb2b_1p00_f000_ncep_uv_bin	noaa_gfs_pgrb2b_1p00_f000	fixtures/grib2_noaa/gfs.t00z.pgrb2b.1p00.f000.grib2		{WGRIB2} {fixture} -for_n 4:5 -ncep_uv {out}	{MBT} {fixture} -for_n 4:5 -ncep_uv {out}	binary_cmp	
noaa_gfswave_atlocn_0p16_f000_submsg_uv_bin	noaa_gfswave_atlocn_0p16_f000	fixtures/grib2_noaa/gfswave.t00z.atlocn.0p16.f000.grib2		{WGRIB2} {fixture} -for_n 3:4 -submsg_uv {out}	{MBT} {fixture} -for_n 3:4 -submsg_uv {out}	binary_cmp	
noaa_gfswave_atlocn_0p16_f000_ncep_uv_bin	noaa_gfswave_atlocn_0p16_f000	fixtures/grib2_noaa/gfswave.t00z.atlocn.0p16.f000.grib2		{WGRIB2} {fixture} -for_n 3:4 -ncep_uv {out}	{MBT} {fixture} -for_n 3:4 -ncep_uv {out}	binary_cmp	
wind_speed_bin	noaa_gfs_pgrb2_1p00_f000	fixtures/grib2_noaa/gfs.t00z.pgrb2.1p00.f000.grib2		{WGRIB2} {fixture} -for_n 11:12 -wind_speed {out}	{MBT} {fixture} -for_n 11:12 -wind_speed {out}	binary_cmp	
wind_dir_bin	noaa_gfs_pgrb2_1p00_f000	fixtures/grib2_noaa/gfs.t00z.pgrb2.1p00.f000.grib2		{WGRIB2} {fixture} -for_n 11:12 -wind_dir {out}	{MBT} {fixture} -for_n 11:12 -wind_dir {out}	binary_cmp	
wind_uv_bin	noaa_gfs_pgrb2_1p00_f000	fixtures/grib2_noaa/gfs.t00z.pgrb2.1p00.f000.grib2	{WGRIB2} {fixture} -for_n 11:12 -wind_speed {tmp}/spd_dir.grb2 && {WGRIB2} {fixture} -for_n 11:12 -append -wind_dir {tmp}/spd_dir.grb2	{WGRIB2} {tmp}/spd_dir.grb2 -for_n 1:2 -wind_uv {out}	{MBT} {tmp}/spd_dir.grb2 -for_n 1:2 -wind_uv {out}	binary_cmp	
wind_speed_jma_bin	jma_gsm	fixtures/grib2_jma/Z__C_RJTD_20241206000000_GSM_GPV_Rgl_FD0000_grib2.bin		{WGRIB2} {fixture} -for_n 3:4 -wind_speed {out}	{MBT} {fixture} -for_n 3:4 -wind_speed {out}	binary_cmp	
wind_dir_jma_bin	jma_gsm	fixtures/grib2_jma/Z__C_RJTD_20241206000000_GSM_GPV_Rgl_FD0000_grib2.bin		{WGRIB2} {fixture} -for_n 3:4 -wind_dir {out}	{MBT} {fixture} -for_n 3:4 -wind_dir {out}	binary_cmp	
wind_speed_pgrb2b_bin	noaa_gfs_pgrb2b_1p00_f000	fixtures/grib2_noaa/gfs.t00z.pgrb2b.1p00.f000.grib2		{WGRIB2} {fixture} -for_n 4:5 -wind_speed {out}	{MBT} {fixture} -for_n 4:5 -wind_speed {out}	binary_cmp	
wind_dir_pgrb2b_bin	noaa_gfs_pgrb2b_1p00_f000	fixtures/grib2_noaa/gfs.t00z.pgrb2b.1p00.f000.grib2		{WGRIB2} {fixture} -for_n 4:5 -wind_dir {out}	{MBT} {fixture} -for_n 4:5 -wind_dir {out}	binary_cmp	
wind_speed_gfswave_bin	noaa_gfswave_atlocn_0p16_f000	fixtures/grib2_noaa/gfswave.t00z.atlocn.0p16.f000.grib2		{WGRIB2} {fixture} -for_n 3:4 -wind_speed {out}	{MBT} {fixture} -for_n 3:4 -wind_speed {out}	binary_cmp	
wind_dir_gfswave_bin	noaa_gfswave_atlocn_0p16_f000	fixtures/grib2_noaa/gfswave.t00z.atlocn.0p16.f000.grib2		{WGRIB2} {fixture} -for_n 3:4 -wind_dir {out}	{MBT} {fixture} -for_n 3:4 -wind_dir {out}	binary_cmp	
wind_uv_gfswave_bin	noaa_gfswave_atlocn_0p16_f000	fixtures/grib2_noaa/gfswave.t00z.atlocn.0p16.f000.grib2		{WGRIB2} {fixture} -for_n 1:2 -wind_uv {out}	{MBT} {fixture} -for_n 1:2 -wind_uv {out}	binary_cmp	
gfswave_new_grid_wind_bin	noaa_gfswave_atlocn_0p16_f000	fixtures/grib2_noaa/gfswave.t00z.atlocn.0p16.f000.grib2		{WGRIB2} {fixture} -for_n 1:1:1 -new_grid latlon 260.5:8:1 0.5:8:1 {out}	{MBT} {fixture} -for_n 1:1:1 -new_grid latlon 260.5:8:1 0.5:8:1 {out}	binary_cmp	
jma_gsm_ave_bin	jma_gsm	fixtures/grib2_jma/Z__C_RJTD_20241206000000_GSM_GPV_Rgl_FD0000_grib2.bin		{WGRIB2} {fixture} -for_n 1:1 -ave 6hr {out}	{MBT} {fixture} -for_n 1:1 -ave 6hr {out}	binary_cmp	
jma_gsm_ave0_bin	jma_gsm	fixtures/grib2_jma/Z__C_RJTD_20241206000000_GSM_GPV_Rgl_FD0000_grib2.bin		{WGRIB2} {fixture} -for_n 1:1 -ave0 6hr {out}	{MBT} {fixture} -for_n 1:1 -ave0 6hr {out}	binary_cmp	
jma_gsm_ave_var_bin	jma_gsm	fixtures/grib2_jma/Z__C_RJTD_20241206000000_GSM_GPV_Rgl_FD0000_grib2.bin		{WGRIB2} {fixture} -for_n 1:1 -ave_var 6hr {out}	{MBT} {fixture} -for_n 1:1 -ave_var 6hr {out}	binary_cmp	
jma_gsm_fcst_ave_bin	jma_gsm	fixtures/grib2_jma/Z__C_RJTD_20241206000000_GSM_GPV_Rgl_FD0000_grib2.bin		{WGRIB2} {fixture} -for_n 1:1 -fcst_ave 6hr {out}	{MBT} {fixture} -for_n 1:1 -fcst_ave 6hr {out}	binary_cmp	
jma_gsm_fcst_ave0_bin	jma_gsm	fixtures/grib2_jma/Z__C_RJTD_20241206000000_GSM_GPV_Rgl_FD0000_grib2.bin		{WGRIB2} {fixture} -for_n 1:1 -fcst_ave0 6hr {out}	{MBT} {fixture} -for_n 1:1 -fcst_ave0 6hr {out}	binary_cmp	
jma_gsm_time_processing_bin	jma_gsm	fixtures/grib2_jma/Z__C_RJTD_20241206000000_GSM_GPV_Rgl_FD0000_grib2.bin		{WGRIB2} {fixture} -for_n 1:1 -time_processing 0 1 6hr {out}	{MBT} {fixture} -for_n 1:1 -time_processing 0 1 6hr {out}	binary_cmp	
jma_gsm_ens_processing_bin	jma_gsm	fixtures/grib2_jma/Z__C_RJTD_20241206000000_GSM_GPV_Rgl_FD0000_grib2.bin		{WGRIB2} {fixture} -for_n 1:1 -ens_processing {out} 0	{MBT} {fixture} -for_n 1:1 -ens_processing {out} 0	binary_cmp	
jma_gsm_ens_qc_stats_bin	jma_gsm	fixtures/grib2_jma/Z__C_RJTD_20241206000000_GSM_GPV_Rgl_FD0000_grib2.bin		{WGRIB2} {fixture} -for_n 1:1 -ens_qc {out} {tmp}/extreme.grb2 {tmp}/extreme.txt 1	{MBT} {fixture} -for_n 1:1 -ens_qc {out} {tmp}/extreme.grb2 {tmp}/extreme.txt 1	binary_cmp	
jma_gsm_ens_qc_extreme_bin	jma_gsm	fixtures/grib2_jma/Z__C_RJTD_20241206000000_GSM_GPV_Rgl_FD0000_grib2.bin		{WGRIB2} {fixture} -for_n 1:1 -ens_qc {tmp}/stats.grb2 {out} {tmp}/extreme.txt 1	{MBT} {fixture} -for_n 1:1 -ens_qc {tmp}/stats.grb2 {out} {tmp}/extreme.txt 1	binary_cmp	
jma_gsm_ens_qc_txt_bin	jma_gsm	fixtures/grib2_jma/Z__C_RJTD_20241206000000_GSM_GPV_Rgl_FD0000_grib2.bin		{WGRIB2} {fixture} -for_n 1:1 -ens_qc {tmp}/stats.grb2 {tmp}/extreme.grb2 {out} 1	{MBT} {fixture} -for_n 1:1 -ens_qc {tmp}/stats.grb2 {tmp}/extreme.grb2 {out} 1	binary_cmp	
pgrb2_ave_bin	noaa_gfs_pgrb2_1p00_f000	fixtures/grib2_noaa/gfs.t00z.pgrb2.1p00.f000.grib2		{WGRIB2} {fixture} -for_n 1:1 -ave 6hr {out}	{MBT} {fixture} -for_n 1:1 -ave 6hr {out}	binary_cmp	
pgrb2_ave0_bin	noaa_gfs_pgrb2_1p00_f000	fixtures/grib2_noaa/gfs.t00z.pgrb2.1p00.f000.grib2		{WGRIB2} {fixture} -for_n 1:1 -ave0 6hr {out}	{MBT} {fixture} -for_n 1:1 -ave0 6hr {out}	binary_cmp	
pgrb2_ave_var_bin	noaa_gfs_pgrb2_1p00_f000	fixtures/grib2_noaa/gfs.t00z.pgrb2.1p00.f000.grib2		{WGRIB2} {fixture} -for_n 1:1 -ave_var 6hr {out}	{MBT} {fixture} -for_n 1:1 -ave_var 6hr {out}	binary_cmp	
pgrb2_fcst_ave_bin	noaa_gfs_pgrb2_1p00_f000	fixtures/grib2_noaa/gfs.t00z.pgrb2.1p00.f000.grib2		{WGRIB2} {fixture} -for_n 1:1 -fcst_ave 6hr {out}	{MBT} {fixture} -for_n 1:1 -fcst_ave 6hr {out}	binary_cmp	
pgrb2_fcst_ave0_bin	noaa_gfs_pgrb2_1p00_f000	fixtures/grib2_noaa/gfs.t00z.pgrb2.1p00.f000.grib2		{WGRIB2} {fixture} -for_n 1:1 -fcst_ave0 6hr {out}	{MBT} {fixture} -for_n 1:1 -fcst_ave0 6hr {out}	binary_cmp	
pgrb2_time_processing_bin	noaa_gfs_pgrb2_1p00_f000	fixtures/grib2_noaa/gfs.t00z.pgrb2.1p00.f000.grib2		{WGRIB2} {fixture} -for_n 1:1 -time_processing 0 1 6hr {out}	{MBT} {fixture} -for_n 1:1 -time_processing 0 1 6hr {out}	binary_cmp	
pgrb2_ens_processing_bin	noaa_gfs_pgrb2_1p00_f000	fixtures/grib2_noaa/gfs.t00z.pgrb2.1p00.f000.grib2		{WGRIB2} {fixture} -for_n 1:1 -ens_processing {out} 0	{MBT} {fixture} -for_n 1:1 -ens_processing {out} 0	binary_cmp	
pgrb2_ens_qc_stats_bin	noaa_gfs_pgrb2_1p00_f000	fixtures/grib2_noaa/gfs.t00z.pgrb2.1p00.f000.grib2		{WGRIB2} {fixture} -for_n 1:1 -ens_qc {out} {tmp}/extreme.grb2 {tmp}/extreme.txt 1	{MBT} {fixture} -for_n 1:1 -ens_qc {out} {tmp}/extreme.grb2 {tmp}/extreme.txt 1	binary_cmp	
pgrb2_ens_qc_extreme_bin	noaa_gfs_pgrb2_1p00_f000	fixtures/grib2_noaa/gfs.t00z.pgrb2.1p00.f000.grib2		{WGRIB2} {fixture} -for_n 1:1 -ens_qc {tmp}/stats.grb2 {out} {tmp}/extreme.txt 1	{MBT} {fixture} -for_n 1:1 -ens_qc {tmp}/stats.grb2 {out} {tmp}/extreme.txt 1	binary_cmp	
pgrb2_ens_qc_txt_bin	noaa_gfs_pgrb2_1p00_f000	fixtures/grib2_noaa/gfs.t00z.pgrb2.1p00.f000.grib2		{WGRIB2} {fixture} -for_n 1:1 -ens_qc {tmp}/stats.grb2 {tmp}/extreme.grb2 {out} 1	{MBT} {fixture} -for_n 1:1 -ens_qc {tmp}/stats.grb2 {tmp}/extreme.grb2 {out} 1	binary_cmp	
pgrb2b_ave_bin	noaa_gfs_pgrb2b_1p00_f000	fixtures/grib2_noaa/gfs.t00z.pgrb2b.1p00.f000.grib2		{WGRIB2} {fixture} -for_n 266:266:1 -ave 6hr {out}	{MBT} {fixture} -for_n 266:266:1 -ave 6hr {out}	binary_cmp	
pgrb2b_ave0_bin	noaa_gfs_pgrb2b_1p00_f000	fixtures/grib2_noaa/gfs.t00z.pgrb2b.1p00.f000.grib2		{WGRIB2} {fixture} -for_n 266:266:1 -ave0 6hr {out}	{MBT} {fixture} -for_n 266:266:1 -ave0 6hr {out}	binary_cmp	
pgrb2b_ave_var_bin	noaa_gfs_pgrb2b_1p00_f000	fixtures/grib2_noaa/gfs.t00z.pgrb2b.1p00.f000.grib2		{WGRIB2} {fixture} -for_n 266:266:1 -ave_var 6hr {out}	{MBT} {fixture} -for_n 266:266:1 -ave_var 6hr {out}	binary_cmp	
pgrb2b_fcst_ave_bin	noaa_gfs_pgrb2b_1p00_f000	fixtures/grib2_noaa/gfs.t00z.pgrb2b.1p00.f000.grib2		{WGRIB2} {fixture} -for_n 266:266:1 -fcst_ave 6hr {out}	{MBT} {fixture} -for_n 266:266:1 -fcst_ave 6hr {out}	binary_cmp	
pgrb2b_fcst_ave0_bin	noaa_gfs_pgrb2b_1p00_f000	fixtures/grib2_noaa/gfs.t00z.pgrb2b.1p00.f000.grib2		{WGRIB2} {fixture} -for_n 266:266:1 -fcst_ave0 6hr {out}	{MBT} {fixture} -for_n 266:266:1 -fcst_ave0 6hr {out}	binary_cmp	
pgrb2b_time_processing_bin	noaa_gfs_pgrb2b_1p00_f000	fixtures/grib2_noaa/gfs.t00z.pgrb2b.1p00.f000.grib2		{WGRIB2} {fixture} -for_n 266:266:1 -time_processing 0 1 6hr {out}	{MBT} {fixture} -for_n 266:266:1 -time_processing 0 1 6hr {out}	binary_cmp	
pgrb2b_ens_processing_bin	noaa_gfs_pgrb2b_1p00_f000	fixtures/grib2_noaa/gfs.t00z.pgrb2b.1p00.f000.grib2		{WGRIB2} {fixture} -for_n 266:266:1 -ens_processing {out} 0	{MBT} {fixture} -for_n 266:266:1 -ens_processing {out} 0	binary_cmp	
pgrb2b_ens_qc_stats_bin	noaa_gfs_pgrb2b_1p00_f000	fixtures/grib2_noaa/gfs.t00z.pgrb2b.1p00.f000.grib2		{WGRIB2} {fixture} -for_n 266:266:1 -ens_qc {out} {tmp}/extreme.grb2 {tmp}/extreme.txt 1	{MBT} {fixture} -for_n 266:266:1 -ens_qc {out} {tmp}/extreme.grb2 {tmp}/extreme.txt 1	binary_cmp	
pgrb2b_ens_qc_extreme_bin	noaa_gfs_pgrb2b_1p00_f000	fixtures/grib2_noaa/gfs.t00z.pgrb2b.1p00.f000.grib2		{WGRIB2} {fixture} -for_n 266:266:1 -ens_qc {tmp}/stats.grb2 {out} {tmp}/extreme.txt 1	{MBT} {fixture} -for_n 266:266:1 -ens_qc {tmp}/stats.grb2 {out} {tmp}/extreme.txt 1	binary_cmp	
pgrb2b_ens_qc_txt_bin	noaa_gfs_pgrb2b_1p00_f000	fixtures/grib2_noaa/gfs.t00z.pgrb2b.1p00.f000.grib2		{WGRIB2} {fixture} -for_n 266:266:1 -ens_qc {tmp}/stats.grb2 {tmp}/extreme.grb2 {out} 1	{MBT} {fixture} -for_n 266:266:1 -ens_qc {tmp}/stats.grb2 {tmp}/extreme.grb2 {out} 1	binary_cmp	
gfswave_ave_bin	noaa_gfswave_atlocn_0p16_f000	fixtures/grib2_noaa/gfswave.t00z.atlocn.0p16.f000.grib2		{WGRIB2} {fixture} -for_n 1:1 -ave 6hr {out}	{MBT} {fixture} -for_n 1:1 -ave 6hr {out}	binary_cmp	
gfswave_ave0_bin	noaa_gfswave_atlocn_0p16_f000	fixtures/grib2_noaa/gfswave.t00z.atlocn.0p16.f000.grib2		{WGRIB2} {fixture} -for_n 1:1 -ave0 6hr {out}	{MBT} {fixture} -for_n 1:1 -ave0 6hr {out}	binary_cmp	
gfswave_ave_var_bin	noaa_gfswave_atlocn_0p16_f000	fixtures/grib2_noaa/gfswave.t00z.atlocn.0p16.f000.grib2		{WGRIB2} {fixture} -for_n 1:1 -ave_var 6hr {out}	{MBT} {fixture} -for_n 1:1 -ave_var 6hr {out}	binary_cmp	
gfswave_fcst_ave_bin	noaa_gfswave_atlocn_0p16_f000	fixtures/grib2_noaa/gfswave.t00z.atlocn.0p16.f000.grib2		{WGRIB2} {fixture} -for_n 1:1 -fcst_ave 6hr {out}	{MBT} {fixture} -for_n 1:1 -fcst_ave 6hr {out}	binary_cmp	
gfswave_fcst_ave0_bin	noaa_gfswave_atlocn_0p16_f000	fixtures/grib2_noaa/gfswave.t00z.atlocn.0p16.f000.grib2		{WGRIB2} {fixture} -for_n 1:1 -fcst_ave0 6hr {out}	{MBT} {fixture} -for_n 1:1 -fcst_ave0 6hr {out}	binary_cmp	
gfswave_time_processing_bin	noaa_gfswave_atlocn_0p16_f000	fixtures/grib2_noaa/gfswave.t00z.atlocn.0p16.f000.grib2		{WGRIB2} {fixture} -for_n 1:1 -time_processing 0 1 6hr {out}	{MBT} {fixture} -for_n 1:1 -time_processing 0 1 6hr {out}	binary_cmp	
gfswave_ens_processing_bin	noaa_gfswave_atlocn_0p16_f000	fixtures/grib2_noaa/gfswave.t00z.atlocn.0p16.f000.grib2		{WGRIB2} {fixture} -for_n 1:1 -ens_processing {out} 0	{MBT} {fixture} -for_n 1:1 -ens_processing {out} 0	binary_cmp	
gfswave_ens_qc_stats_bin	noaa_gfswave_atlocn_0p16_f000	fixtures/grib2_noaa/gfswave.t00z.atlocn.0p16.f000.grib2		{WGRIB2} {fixture} -for_n 1:1 -ens_qc {out} {tmp}/extreme.grb2 {tmp}/extreme.txt 1	{MBT} {fixture} -for_n 1:1 -ens_qc {out} {tmp}/extreme.grb2 {tmp}/extreme.txt 1	binary_cmp	
gfswave_ens_qc_extreme_bin	noaa_gfswave_atlocn_0p16_f000	fixtures/grib2_noaa/gfswave.t00z.atlocn.0p16.f000.grib2		{WGRIB2} {fixture} -for_n 1:1 -ens_qc {tmp}/stats.grb2 {out} {tmp}/extreme.txt 1	{MBT} {fixture} -for_n 1:1 -ens_qc {tmp}/stats.grb2 {out} {tmp}/extreme.txt 1	binary_cmp	
gfswave_ens_qc_txt_bin	noaa_gfswave_atlocn_0p16_f000	fixtures/grib2_noaa/gfswave.t00z.atlocn.0p16.f000.grib2		{WGRIB2} {fixture} -for_n 1:1 -ens_qc {tmp}/stats.grb2 {tmp}/extreme.grb2 {out} 1	{MBT} {fixture} -for_n 1:1 -ens_qc {tmp}/stats.grb2 {tmp}/extreme.grb2 {out} 1	binary_cmp	
derived_gfswave_ncep_norm_bin	derived_gfswave_ncep_norm	fixtures/grib2_derived/noaa_gfswave_atlocn_0p16_ncep_norm_input.grib2		{WGRIB2} {fixture} -ncep_norm {out}	{MBT} {fixture} -ncep_norm {out}	binary_cmp	
derived_gfswave_merge_fcst_bin	derived_gfswave_merge_fcst	fixtures/grib2_derived/noaa_gfswave_atlocn_0p16_merge_fcst_input.grib2		{WGRIB2} {fixture} -merge_fcst 2 {out}	{MBT} {fixture} -merge_fcst 2 {out}	binary_cmp	
derived_gfswave_unmerge_fcst_bin	derived_gfswave_unmerge_fcst	fixtures/grib2_derived/noaa_gfswave_atlocn_0p16_unmerge_fcst_input.grib2		{WGRIB2} {fixture} -unmerge_fcst {out} 0hr 1	{MBT} {fixture} -unmerge_fcst {out} 0hr 1	binary_cmp	
derived_jma_msm_ncep_norm_bin	derived_jma_msm_ncep_norm	fixtures/grib2_derived/jma_msm_fh00_15_tmp1000_ncep_norm_input.grib2		{WGRIB2} {fixture} -ncep_norm {out}	{MBT} {fixture} -ncep_norm {out}	binary_cmp	
derived_jma_msm_merge_fcst_bin	derived_jma_msm_merge_fcst	fixtures/grib2_derived/jma_msm_fh00_15_tmp1000_merge_fcst_input.grib2		{WGRIB2} {fixture} -merge_fcst 2 {out}	{MBT} {fixture} -merge_fcst 2 {out}	binary_cmp	
derived_jma_msm_unmerge_fcst_bin	derived_jma_msm_unmerge_fcst	fixtures/grib2_derived/jma_msm_fh00_15_tmp1000_unmerge_fcst_input.grib2		{WGRIB2} {fixture} -unmerge_fcst {out} 0hr 1	{MBT} {fixture} -unmerge_fcst {out} 0hr 1	binary_cmp	
derived_jma_msm_ugrd1000_ncep_norm_bin	derived_jma_msm_ugrd1000_ncep_norm	fixtures/grib2_derived/jma_msm_fh00_15_ugrd1000_ncep_norm_input.grib2		{WGRIB2} {fixture} -ncep_norm {out}	{MBT} {fixture} -ncep_norm {out}	binary_cmp	
derived_jma_msm_ugrd1000_merge_fcst_bin	derived_jma_msm_ugrd1000_merge_fcst	fixtures/grib2_derived/jma_msm_fh00_15_ugrd1000_merge_fcst_input.grib2		{WGRIB2} {fixture} -merge_fcst 2 {out}	{MBT} {fixture} -merge_fcst 2 {out}	binary_cmp	
derived_jma_msm_ugrd1000_unmerge_fcst_bin	derived_jma_msm_ugrd1000_unmerge_fcst	fixtures/grib2_derived/jma_msm_fh00_15_ugrd1000_unmerge_fcst_input.grib2		{WGRIB2} {fixture} -unmerge_fcst {out} 0hr 1	{MBT} {fixture} -unmerge_fcst {out} 0hr 1	binary_cmp	
derived_jma_msm_vgrd1000_ncep_norm_bin	derived_jma_msm_vgrd1000_ncep_norm	fixtures/grib2_derived/jma_msm_fh00_15_vgrd1000_ncep_norm_input.grib2		{WGRIB2} {fixture} -ncep_norm {out}	{MBT} {fixture} -ncep_norm {out}	binary_cmp	
derived_jma_msm_vgrd1000_merge_fcst_bin	derived_jma_msm_vgrd1000_merge_fcst	fixtures/grib2_derived/jma_msm_fh00_15_vgrd1000_merge_fcst_input.grib2		{WGRIB2} {fixture} -merge_fcst 2 {out}	{MBT} {fixture} -merge_fcst 2 {out}	binary_cmp	
derived_jma_msm_vgrd1000_unmerge_fcst_bin	derived_jma_msm_vgrd1000_unmerge_fcst	fixtures/grib2_derived/jma_msm_fh00_15_vgrd1000_unmerge_fcst_input.grib2		{WGRIB2} {fixture} -unmerge_fcst {out} 0hr 1	{MBT} {fixture} -unmerge_fcst {out} 0hr 1	binary_cmp	
derived_jma_msm_fh18_33_ncep_norm_bin	derived_jma_msm_fh18_33_ncep_norm	fixtures/grib2_derived/jma_msm_fh18_33_tmp1000_ncep_norm_input.grib2		{WGRIB2} {fixture} -ncep_norm {out}	{MBT} {fixture} -ncep_norm {out}	binary_cmp	
derived_jma_msm_fh18_33_merge_fcst_bin	derived_jma_msm_fh18_33_merge_fcst	fixtures/grib2_derived/jma_msm_fh18_33_tmp1000_merge_fcst_input.grib2		{WGRIB2} {fixture} -merge_fcst 2 {out}	{MBT} {fixture} -merge_fcst 2 {out}	binary_cmp	
derived_jma_msm_fh18_33_unmerge_fcst_bin	derived_jma_msm_fh18_33_unmerge_fcst	fixtures/grib2_derived/jma_msm_fh18_33_tmp1000_unmerge_fcst_input.grib2		{WGRIB2} {fixture} -unmerge_fcst {out} 0hr 1	{MBT} {fixture} -unmerge_fcst {out} 0hr 1	binary_cmp	
derived_jma_msm_fh18_33_ugrd1000_ncep_norm_bin	derived_jma_msm_fh18_33_ugrd1000_ncep_norm	fixtures/grib2_derived/jma_msm_fh18_33_ugrd1000_ncep_norm_input.grib2		{WGRIB2} {fixture} -ncep_norm {out}	{MBT} {fixture} -ncep_norm {out}	binary_cmp	
derived_jma_msm_fh18_33_ugrd1000_merge_fcst_bin	derived_jma_msm_fh18_33_ugrd1000_merge_fcst	fixtures/grib2_derived/jma_msm_fh18_33_ugrd1000_merge_fcst_input.grib2		{WGRIB2} {fixture} -merge_fcst 2 {out}	{MBT} {fixture} -merge_fcst 2 {out}	binary_cmp	
derived_jma_msm_fh18_33_ugrd1000_unmerge_fcst_bin	derived_jma_msm_fh18_33_ugrd1000_unmerge_fcst	fixtures/grib2_derived/jma_msm_fh18_33_ugrd1000_unmerge_fcst_input.grib2		{WGRIB2} {fixture} -unmerge_fcst {out} 0hr 1	{MBT} {fixture} -unmerge_fcst {out} 0hr 1	binary_cmp	
derived_jma_msm_fh18_33_vgrd1000_ncep_norm_bin	derived_jma_msm_fh18_33_vgrd1000_ncep_norm	fixtures/grib2_derived/jma_msm_fh18_33_vgrd1000_ncep_norm_input.grib2		{WGRIB2} {fixture} -ncep_norm {out}	{MBT} {fixture} -ncep_norm {out}	binary_cmp	
derived_jma_msm_fh18_33_vgrd1000_merge_fcst_bin	derived_jma_msm_fh18_33_vgrd1000_merge_fcst	fixtures/grib2_derived/jma_msm_fh18_33_vgrd1000_merge_fcst_input.grib2		{WGRIB2} {fixture} -merge_fcst 2 {out}	{MBT} {fixture} -merge_fcst 2 {out}	binary_cmp	
derived_jma_msm_fh18_33_vgrd1000_unmerge_fcst_bin	derived_jma_msm_fh18_33_vgrd1000_unmerge_fcst	fixtures/grib2_derived/jma_msm_fh18_33_vgrd1000_unmerge_fcst_input.grib2		{WGRIB2} {fixture} -unmerge_fcst {out} 0hr 1	{MBT} {fixture} -unmerge_fcst {out} 0hr 1	binary_cmp	
derived_jma_msm_fh36_39_ncep_norm_bin	derived_jma_msm_fh36_39_ncep_norm	fixtures/grib2_derived/jma_msm_fh36_39_tmp1000_ncep_norm_input.grib2		{WGRIB2} {fixture} -ncep_norm {out}	{MBT} {fixture} -ncep_norm {out}	binary_cmp	
derived_jma_msm_fh36_39_merge_fcst_bin	derived_jma_msm_fh36_39_merge_fcst	fixtures/grib2_derived/jma_msm_fh36_39_tmp1000_merge_fcst_input.grib2		{WGRIB2} {fixture} -merge_fcst 2 {out}	{MBT} {fixture} -merge_fcst 2 {out}	binary_cmp	
derived_jma_msm_fh36_39_unmerge_fcst_bin	derived_jma_msm_fh36_39_unmerge_fcst	fixtures/grib2_derived/jma_msm_fh36_39_tmp1000_unmerge_fcst_input.grib2		{WGRIB2} {fixture} -unmerge_fcst {out} 0hr 1	{MBT} {fixture} -unmerge_fcst {out} 0hr 1	binary_cmp	
derived_jma_msm_fh36_39_ugrd1000_ncep_norm_bin	derived_jma_msm_fh36_39_ugrd1000_ncep_norm	fixtures/grib2_derived/jma_msm_fh36_39_ugrd1000_ncep_norm_input.grib2		{WGRIB2} {fixture} -ncep_norm {out}	{MBT} {fixture} -ncep_norm {out}	binary_cmp	
derived_jma_msm_fh36_39_ugrd1000_merge_fcst_bin	derived_jma_msm_fh36_39_ugrd1000_merge_fcst	fixtures/grib2_derived/jma_msm_fh36_39_ugrd1000_merge_fcst_input.grib2		{WGRIB2} {fixture} -merge_fcst 2 {out}	{MBT} {fixture} -merge_fcst 2 {out}	binary_cmp	
derived_jma_msm_fh36_39_ugrd1000_unmerge_fcst_bin	derived_jma_msm_fh36_39_ugrd1000_unmerge_fcst	fixtures/grib2_derived/jma_msm_fh36_39_ugrd1000_unmerge_fcst_input.grib2		{WGRIB2} {fixture} -unmerge_fcst {out} 0hr 1	{MBT} {fixture} -unmerge_fcst {out} 0hr 1	binary_cmp	
derived_jma_msm_fh36_39_vgrd1000_ncep_norm_bin	derived_jma_msm_fh36_39_vgrd1000_ncep_norm	fixtures/grib2_derived/jma_msm_fh36_39_vgrd1000_ncep_norm_input.grib2		{WGRIB2} {fixture} -ncep_norm {out}	{MBT} {fixture} -ncep_norm {out}	binary_cmp	
derived_jma_msm_fh36_39_vgrd1000_merge_fcst_bin	derived_jma_msm_fh36_39_vgrd1000_merge_fcst	fixtures/grib2_derived/jma_msm_fh36_39_vgrd1000_merge_fcst_input.grib2		{WGRIB2} {fixture} -merge_fcst 2 {out}	{MBT} {fixture} -merge_fcst 2 {out}	binary_cmp	
derived_jma_msm_fh36_39_vgrd1000_unmerge_fcst_bin	derived_jma_msm_fh36_39_vgrd1000_unmerge_fcst	fixtures/grib2_derived/jma_msm_fh36_39_vgrd1000_unmerge_fcst_input.grib2		{WGRIB2} {fixture} -unmerge_fcst {out} 0hr 1	{MBT} {fixture} -unmerge_fcst {out} 0hr 1	binary_cmp	
derived_jma_msm_fh18_33_long_ncep_norm_bin	derived_jma_msm_fh18_33_long_ncep_norm	fixtures/grib2_derived/jma_msm_fh18_33_tmp1000_ncep_norm_long_input.grib2		{WGRIB2} {fixture} -ncep_norm {out}	{MBT} {fixture} -ncep_norm {out}	binary_cmp	
derived_jma_msm_fh18_33_long_merge_fcst_bin	derived_jma_msm_fh18_33_long_merge_fcst	fixtures/grib2_derived/jma_msm_fh18_33_tmp1000_merge_fcst_long_input.grib2		{WGRIB2} {fixture} -merge_fcst 2 {out}	{MBT} {fixture} -merge_fcst 2 {out}	binary_cmp	
derived_jma_msm_fh18_33_long_unmerge_fcst_bin	derived_jma_msm_fh18_33_long_unmerge_fcst	fixtures/grib2_derived/jma_msm_fh18_33_tmp1000_unmerge_fcst_long_input.grib2		{WGRIB2} {fixture} -unmerge_fcst {out} 0hr 1	{MBT} {fixture} -unmerge_fcst {out} 0hr 1	binary_cmp	
derived_jma_msm_fh18_33_ugrd1000_long_ncep_norm_bin	derived_jma_msm_fh18_33_ugrd1000_long_ncep_norm	fixtures/grib2_derived/jma_msm_fh18_33_ugrd1000_ncep_norm_long_input.grib2		{WGRIB2} {fixture} -ncep_norm {out}	{MBT} {fixture} -ncep_norm {out}	binary_cmp	
derived_jma_msm_fh18_33_ugrd1000_long_merge_fcst_bin	derived_jma_msm_fh18_33_ugrd1000_long_merge_fcst	fixtures/grib2_derived/jma_msm_fh18_33_ugrd1000_merge_fcst_long_input.grib2		{WGRIB2} {fixture} -merge_fcst 2 {out}	{MBT} {fixture} -merge_fcst 2 {out}	binary_cmp	
derived_jma_msm_fh18_33_ugrd1000_long_unmerge_fcst_bin	derived_jma_msm_fh18_33_ugrd1000_long_unmerge_fcst	fixtures/grib2_derived/jma_msm_fh18_33_ugrd1000_unmerge_fcst_long_input.grib2		{WGRIB2} {fixture} -unmerge_fcst {out} 0hr 1	{MBT} {fixture} -unmerge_fcst {out} 0hr 1	binary_cmp	
derived_jma_msm_fh18_33_vgrd1000_long_ncep_norm_bin	derived_jma_msm_fh18_33_vgrd1000_long_ncep_norm	fixtures/grib2_derived/jma_msm_fh18_33_vgrd1000_ncep_norm_long_input.grib2		{WGRIB2} {fixture} -ncep_norm {out}	{MBT} {fixture} -ncep_norm {out}	binary_cmp	
derived_jma_msm_fh18_33_vgrd1000_long_merge_fcst_bin	derived_jma_msm_fh18_33_vgrd1000_long_merge_fcst	fixtures/grib2_derived/jma_msm_fh18_33_vgrd1000_merge_fcst_long_input.grib2		{WGRIB2} {fixture} -merge_fcst 2 {out}	{MBT} {fixture} -merge_fcst 2 {out}	binary_cmp	
derived_jma_msm_fh18_33_vgrd1000_long_unmerge_fcst_bin	derived_jma_msm_fh18_33_vgrd1000_long_unmerge_fcst	fixtures/grib2_derived/jma_msm_fh18_33_vgrd1000_unmerge_fcst_long_input.grib2		{WGRIB2} {fixture} -unmerge_fcst {out} 0hr 1	{MBT} {fixture} -unmerge_fcst {out} 0hr 1	binary_cmp	
jma_gsm_netcdf_bin	jma_gsm	fixtures/grib2_jma/Z__C_RJTD_20241206000000_GSM_GPV_Rgl_FD0000_grib2.bin		{WGRIB2} {fixture} -for_n 1:1:1 -netcdf {out}	{MBT} {fixture} -for_n 1:1:1 -netcdf {out}	binary_cmp	
jma_gsm_netcdf_multi_bin	jma_gsm	fixtures/grib2_jma/Z__C_RJTD_20241206000000_GSM_GPV_Rgl_FD0000_grib2.bin		{WGRIB2} {fixture} -for_n 1:4:1 -netcdf {out}	{MBT} {fixture} -for_n 1:4:1 -netcdf {out}	binary_cmp	
jma_gsm_netcdf_append_var_bin	jma_gsm	fixtures/grib2_jma/Z__C_RJTD_20241206000000_GSM_GPV_Rgl_FD0000_grib2.bin	{WGRIB2} {fixture} -for_n 1:1:1 -netcdf {tmp}/seed.nc	cp {tmp}/seed.nc {out} && {WGRIB2} {fixture} -for_n 2:2:1 -append -netcdf {out}	cp {tmp}/seed.nc {out} && {MBT} {fixture} -append -for_n 2:2:1 -netcdf {out}	binary_cmp	
jma_gsm_netcdf_append_var4_bin	jma_gsm	fixtures/grib2_jma/Z__C_RJTD_20241206000000_GSM_GPV_Rgl_FD0000_grib2.bin	{WGRIB2} {fixture} -for_n 1:1:1 -netcdf {tmp}/seed.nc	cp {tmp}/seed.nc {out} && {WGRIB2} {fixture} -for_n 2:4:1 -append -netcdf {out}	cp {tmp}/seed.nc {out} && {MBT} {fixture} -append -for_n 2:4:1 -netcdf {out}	binary_cmp	
jma_msm_netcdf_time_bin	jma_msm_fh18_33	fixtures/grib2_jma/Z__C_RJTD_20241206000000_MSM_GPV_Rjp_L-pall_FH18-33_grib2.bin		{WGRIB2} {fixture} -for_n 1:185:92 -netcdf {out}	{MBT} {fixture} -for_n 1:185:92 -netcdf {out}	binary_cmp	
jma_msm_netcdf_append_time_bin	jma_msm_fh18_33	fixtures/grib2_jma/Z__C_RJTD_20241206000000_MSM_GPV_Rjp_L-pall_FH18-33_grib2.bin	{WGRIB2} {fixture} -for_n 1:1:1 -netcdf {tmp}/seed.nc	cp {tmp}/seed.nc {out} && {WGRIB2} {fixture} -for_n 93:93:1 -append -netcdf {out}	cp {tmp}/seed.nc {out} && {MBT} {fixture} -append -for_n 93:93:1 -netcdf {out}	binary_cmp	
jma_msm_netcdf_multi4_bin	jma_msm_fh18_33	fixtures/grib2_jma/Z__C_RJTD_20241206000000_MSM_GPV_Rjp_L-pall_FH18-33_grib2.bin		{WGRIB2} {fixture} -for_n 1:4:1 -netcdf {out}	{MBT} {fixture} -for_n 1:4:1 -netcdf {out}	binary_cmp	
jma_msm_netcdf_append_var4_bin	jma_msm_fh18_33	fixtures/grib2_jma/Z__C_RJTD_20241206000000_MSM_GPV_Rjp_L-pall_FH18-33_grib2.bin	{WGRIB2} {fixture} -for_n 1:1:1 -netcdf {tmp}/seed.nc	cp {tmp}/seed.nc {out} && {WGRIB2} {fixture} -for_n 2:4:1 -append -netcdf {out}	cp {tmp}/seed.nc {out} && {MBT} {fixture} -append -for_n 2:4:1 -netcdf {out}	binary_cmp	
jma_msm_fh00_15_netcdf_time_bin	jma_msm_fh00_15	fixtures/grib2_jma/Z__C_RJTD_20241206000000_MSM_GPV_Rjp_L-pall_FH00-15_grib2.bin		{WGRIB2} {fixture} -for_n 1:185:92 -netcdf {out}	{MBT} {fixture} -for_n 1:185:92 -netcdf {out}	binary_cmp	
jma_msm_fh00_15_netcdf_append_time_bin	jma_msm_fh00_15	fixtures/grib2_jma/Z__C_RJTD_20241206000000_MSM_GPV_Rjp_L-pall_FH00-15_grib2.bin	{WGRIB2} {fixture} -for_n 1:1:1 -netcdf {tmp}/seed.nc	cp {tmp}/seed.nc {out} && {WGRIB2} {fixture} -for_n 93:93:1 -append -netcdf {out} && {WGRIB2} {fixture} -for_n 185:185:1 -append -netcdf {out}	cp {tmp}/seed.nc {out} && {MBT} {fixture} -append -for_n 93:93:1 -netcdf {out} && {MBT} {fixture} -append -for_n 185:185:1 -netcdf {out}	binary_cmp	
jma_msm_fh00_15_netcdf_multi4_bin	jma_msm_fh00_15	fixtures/grib2_jma/Z__C_RJTD_20241206000000_MSM_GPV_Rjp_L-pall_FH00-15_grib2.bin		{WGRIB2} {fixture} -for_n 1:4:1 -netcdf {out}	{MBT} {fixture} -for_n 1:4:1 -netcdf {out}	binary_cmp	
jma_msm_fh00_15_netcdf_append_var4_bin	jma_msm_fh00_15	fixtures/grib2_jma/Z__C_RJTD_20241206000000_MSM_GPV_Rjp_L-pall_FH00-15_grib2.bin	{WGRIB2} {fixture} -for_n 1:1:1 -netcdf {tmp}/seed.nc	cp {tmp}/seed.nc {out} && {WGRIB2} {fixture} -for_n 2:4:1 -append -netcdf {out}	cp {tmp}/seed.nc {out} && {MBT} {fixture} -append -for_n 2:4:1 -netcdf {out}	binary_cmp	
jma_msm_fh36_39_netcdf_time_bin	jma_msm_fh36_39	fixtures/grib2_jma/Z__C_RJTD_20241206000000_MSM_GPV_Rjp_L-pall_FH36-39_grib2.bin		{WGRIB2} {fixture} -for_n 1:93:92 -netcdf {out}	{MBT} {fixture} -for_n 1:93:92 -netcdf {out}	binary_cmp	
jma_msm_fh36_39_netcdf_append_time_bin	jma_msm_fh36_39	fixtures/grib2_jma/Z__C_RJTD_20241206000000_MSM_GPV_Rjp_L-pall_FH36-39_grib2.bin	{WGRIB2} {fixture} -for_n 1:1:1 -netcdf {tmp}/seed.nc	cp {tmp}/seed.nc {out} && {WGRIB2} {fixture} -for_n 93:93:1 -append -netcdf {out}	cp {tmp}/seed.nc {out} && {MBT} {fixture} -append -for_n 93:93:1 -netcdf {out}	binary_cmp	
jma_msm_fh36_39_netcdf_multi4_bin	jma_msm_fh36_39	fixtures/grib2_jma/Z__C_RJTD_20241206000000_MSM_GPV_Rjp_L-pall_FH36-39_grib2.bin		{WGRIB2} {fixture} -for_n 1:4:1 -netcdf {out}	{MBT} {fixture} -for_n 1:4:1 -netcdf {out}	binary_cmp	
jma_msm_fh36_39_netcdf_append_var4_bin	jma_msm_fh36_39	fixtures/grib2_jma/Z__C_RJTD_20241206000000_MSM_GPV_Rjp_L-pall_FH36-39_grib2.bin	{WGRIB2} {fixture} -for_n 1:1:1 -netcdf {tmp}/seed.nc	cp {tmp}/seed.nc {out} && {WGRIB2} {fixture} -for_n 2:4:1 -append -netcdf {out}	cp {tmp}/seed.nc {out} && {MBT} {fixture} -append -for_n 2:4:1 -netcdf {out}	binary_cmp	
pgrb2b_netcdf_bin	noaa_gfs_pgrb2b_1p00_f000	fixtures/grib2_noaa/gfs.t00z.pgrb2b.1p00.f000.grib2		{WGRIB2} {fixture} -for_n 1:1:1 -netcdf {out}	{MBT} {fixture} -for_n 1:1:1 -netcdf {out}	binary_cmp	
pgrb2b_netcdf_multi_bin	noaa_gfs_pgrb2b_1p00_f000	fixtures/grib2_noaa/gfs.t00z.pgrb2b.1p00.f000.grib2		{WGRIB2} {fixture} -for_n 1:3:1 -netcdf {out}	{MBT} {fixture} -for_n 1:3:1 -netcdf {out}	binary_cmp	
pgrb2b_netcdf_multi4_bin	noaa_gfs_pgrb2b_1p00_f000	fixtures/grib2_noaa/gfs.t00z.pgrb2b.1p00.f000.grib2		{WGRIB2} {fixture} -for_n 1:4:1 -netcdf {out}	{MBT} {fixture} -for_n 1:4:1 -netcdf {out}	binary_cmp	
pgrb2b_netcdf_multi8_bin	noaa_gfs_pgrb2b_1p00_f000	fixtures/grib2_noaa/gfs.t00z.pgrb2b.1p00.f000.grib2		{WGRIB2} {fixture} -for_n 1:8:1 -netcdf {out}	{MBT} {fixture} -for_n 1:8:1 -netcdf {out}	binary_cmp	
pgrb2b_netcdf_multi12_bin	noaa_gfs_pgrb2b_1p00_f000	fixtures/grib2_noaa/gfs.t00z.pgrb2b.1p00.f000.grib2		{WGRIB2} {fixture} -for_n 1:12:1 -netcdf {out}	{MBT} {fixture} -for_n 1:12:1 -netcdf {out}	binary_cmp	
pgrb2b_netcdf_multi16_bin	noaa_gfs_pgrb2b_1p00_f000	fixtures/grib2_noaa/gfs.t00z.pgrb2b.1p00.f000.grib2		{WGRIB2} {fixture} -for_n 1:16:1 -netcdf {out}	{MBT} {fixture} -for_n 1:16:1 -netcdf {out}	binary_cmp	
pgrb2b_netcdf_multi19_bin	noaa_gfs_pgrb2b_1p00_f000	fixtures/grib2_noaa/gfs.t00z.pgrb2b.1p00.f000.grib2		{WGRIB2} {fixture} -for_n 1:19:1 -netcdf {out}	{MBT} {fixture} -for_n 1:19:1 -netcdf {out}	binary_cmp	
pgrb2b_netcdf_multi24_bin	noaa_gfs_pgrb2b_1p00_f000	fixtures/grib2_noaa/gfs.t00z.pgrb2b.1p00.f000.grib2		{WGRIB2} {fixture} -for_n 1:24:1 -netcdf {out}	{MBT} {fixture} -for_n 1:24:1 -netcdf {out}	binary_cmp	
pgrb2b_netcdf_multi32_bin	noaa_gfs_pgrb2b_1p00_f000	fixtures/grib2_noaa/gfs.t00z.pgrb2b.1p00.f000.grib2		{WGRIB2} {fixture} -for_n 1:32:1 -netcdf {out}	{MBT} {fixture} -for_n 1:32:1 -netcdf {out}	binary_cmp	
pgrb2b_netcdf_multi40_bin	noaa_gfs_pgrb2b_1p00_f000	fixtures/grib2_noaa/gfs.t00z.pgrb2b.1p00.f000.grib2		{WGRIB2} {fixture} -for_n 1:40:1 -netcdf {out}	{MBT} {fixture} -for_n 1:40:1 -netcdf {out}	binary_cmp	
pgrb2b_netcdf_multi48_bin	noaa_gfs_pgrb2b_1p00_f000	fixtures/grib2_noaa/gfs.t00z.pgrb2b.1p00.f000.grib2		{WGRIB2} {fixture} -for_n 1:48:1 -netcdf {out}	{MBT} {fixture} -for_n 1:48:1 -netcdf {out}	binary_cmp	
pgrb2b_netcdf_multi56_bin	noaa_gfs_pgrb2b_1p00_f000	fixtures/grib2_noaa/gfs.t00z.pgrb2b.1p00.f000.grib2		{WGRIB2} {fixture} -for_n 1:56:1 -netcdf {out}	{MBT} {fixture} -for_n 1:56:1 -netcdf {out}	binary_cmp	
pgrb2b_netcdf_multi64_bin	noaa_gfs_pgrb2b_1p00_f000	fixtures/grib2_noaa/gfs.t00z.pgrb2b.1p00.f000.grib2		{WGRIB2} {fixture} -for_n 1:64:1 -netcdf {out}	{MBT} {fixture} -for_n 1:64:1 -netcdf {out}	binary_cmp	
pgrb2b_netcdf_multi72_bin	noaa_gfs_pgrb2b_1p00_f000	fixtures/grib2_noaa/gfs.t00z.pgrb2b.1p00.f000.grib2		{WGRIB2} {fixture} -for_n 1:72:1 -netcdf {out}	{MBT} {fixture} -for_n 1:72:1 -netcdf {out}	binary_cmp	
pgrb2b_netcdf_multi80_bin	noaa_gfs_pgrb2b_1p00_f000	fixtures/grib2_noaa/gfs.t00z.pgrb2b.1p00.f000.grib2		{WGRIB2} {fixture} -for_n 1:80:1 -netcdf {out}	{MBT} {fixture} -for_n 1:80:1 -netcdf {out}	binary_cmp	
pgrb2b_netcdf_multi88_bin	noaa_gfs_pgrb2b_1p00_f000	fixtures/grib2_noaa/gfs.t00z.pgrb2b.1p00.f000.grib2		{WGRIB2} {fixture} -for_n 1:88:1 -netcdf {out}	{MBT} {fixture} -for_n 1:88:1 -netcdf {out}	binary_cmp	
pgrb2b_netcdf_append_var_bin	noaa_gfs_pgrb2b_1p00_f000	fixtures/grib2_noaa/gfs.t00z.pgrb2b.1p00.f000.grib2	{WGRIB2} {fixture} -for_n 1:1:1 -netcdf {tmp}/seed.nc	cp {tmp}/seed.nc {out} && {WGRIB2} {fixture} -for_n 2:2:1 -append -netcdf {out}	cp {tmp}/seed.nc {out} && {MBT} {fixture} -append -for_n 2:2:1 -netcdf {out}	binary_cmp	
pgrb2b_netcdf_append_var4_bin	noaa_gfs_pgrb2b_1p00_f000	fixtures/grib2_noaa/gfs.t00z.pgrb2b.1p00.f000.grib2	{WGRIB2} {fixture} -for_n 1:1:1 -netcdf {tmp}/seed.nc	cp {tmp}/seed.nc {out} && {WGRIB2} {fixture} -for_n 2:4:1 -append -netcdf {out}	cp {tmp}/seed.nc {out} && {MBT} {fixture} -append -for_n 2:4:1 -netcdf {out}	binary_cmp	
pgrb2b_netcdf_append_var8_bin	noaa_gfs_pgrb2b_1p00_f000	fixtures/grib2_noaa/gfs.t00z.pgrb2b.1p00.f000.grib2	{WGRIB2} {fixture} -for_n 1:1:1 -netcdf {tmp}/seed.nc	cp {tmp}/seed.nc {out} && {WGRIB2} {fixture} -for_n 2:8:1 -append -netcdf {out}	cp {tmp}/seed.nc {out} && {MBT} {fixture} -append -for_n 2:8:1 -netcdf {out}	binary_cmp	
pgrb2b_netcdf_append_var12_bin	noaa_gfs_pgrb2b_1p00_f000	fixtures/grib2_noaa/gfs.t00z.pgrb2b.1p00.f000.grib2	{WGRIB2} {fixture} -for_n 1:1:1 -netcdf {tmp}/seed.nc	cp {tmp}/seed.nc {out} && {WGRIB2} {fixture} -for_n 2:12:1 -append -netcdf {out}	cp {tmp}/seed.nc {out} && {MBT} {fixture} -append -for_n 2:12:1 -netcdf {out}	binary_cmp	
pgrb2b_netcdf_append_var16_bin	noaa_gfs_pgrb2b_1p00_f000	fixtures/grib2_noaa/gfs.t00z.pgrb2b.1p00.f000.grib2	{WGRIB2} {fixture} -for_n 1:1:1 -netcdf {tmp}/seed.nc	cp {tmp}/seed.nc {out} && {WGRIB2} {fixture} -for_n 2:16:1 -append -netcdf {out}	cp {tmp}/seed.nc {out} && {MBT} {fixture} -append -for_n 2:16:1 -netcdf {out}	binary_cmp	
pgrb2b_netcdf_append_var19_bin	noaa_gfs_pgrb2b_1p00_f000	fixtures/grib2_noaa/gfs.t00z.pgrb2b.1p00.f000.grib2	{WGRIB2} {fixture} -for_n 1:1:1 -netcdf {tmp}/seed.nc	cp {tmp}/seed.nc {out} && {WGRIB2} {fixture} -for_n 2:19:1 -append -netcdf {out}	cp {tmp}/seed.nc {out} && {MBT} {fixture} -append -for_n 2:19:1 -netcdf {out}	binary_cmp	
pgrb2b_netcdf_append_var24_bin	noaa_gfs_pgrb2b_1p00_f000	fixtures/grib2_noaa/gfs.t00z.pgrb2b.1p00.f000.grib2	{WGRIB2} {fixture} -for_n 1:1:1 -netcdf {tmp}/seed.nc	cp {tmp}/seed.nc {out} && {WGRIB2} {fixture} -for_n 2:24:1 -append -netcdf {out}	cp {tmp}/seed.nc {out} && {MBT} {fixture} -append -for_n 2:24:1 -netcdf {out}	binary_cmp	
pgrb2b_netcdf_append_var32_bin	noaa_gfs_pgrb2b_1p00_f000	fixtures/grib2_noaa/gfs.t00z.pgrb2b.1p00.f000.grib2	{WGRIB2} {fixture} -for_n 1:1:1 -netcdf {tmp}/seed.nc	cp {tmp}/seed.nc {out} && {WGRIB2} {fixture} -for_n 2:32:1 -append -netcdf {out}	cp {tmp}/seed.nc {out} && {MBT} {fixture} -append -for_n 2:32:1 -netcdf {out}	binary_cmp	
pgrb2b_netcdf_append_var40_bin	noaa_gfs_pgrb2b_1p00_f000	fixtures/grib2_noaa/gfs.t00z.pgrb2b.1p00.f000.grib2	{WGRIB2} {fixture} -for_n 1:1:1 -netcdf {tmp}/seed.nc	cp {tmp}/seed.nc {out} && {WGRIB2} {fixture} -for_n 2:40:1 -append -netcdf {out}	cp {tmp}/seed.nc {out} && {MBT} {fixture} -append -for_n 2:40:1 -netcdf {out}	binary_cmp	
pgrb2b_netcdf_append_var48_bin	noaa_gfs_pgrb2b_1p00_f000	fixtures/grib2_noaa/gfs.t00z.pgrb2b.1p00.f000.grib2	{WGRIB2} {fixture} -for_n 1:1:1 -netcdf {tmp}/seed.nc	cp {tmp}/seed.nc {out} && {WGRIB2} {fixture} -for_n 2:48:1 -append -netcdf {out}	cp {tmp}/seed.nc {out} && {MBT} {fixture} -append -for_n 2:48:1 -netcdf {out}	binary_cmp	
pgrb2b_netcdf_append_var56_bin	noaa_gfs_pgrb2b_1p00_f000	fixtures/grib2_noaa/gfs.t00z.pgrb2b.1p00.f000.grib2	{WGRIB2} {fixture} -for_n 1:1:1 -netcdf {tmp}/seed.nc	cp {tmp}/seed.nc {out} && {WGRIB2} {fixture} -for_n 2:56:1 -append -netcdf {out}	cp {tmp}/seed.nc {out} && {MBT} {fixture} -append -for_n 2:56:1 -netcdf {out}	binary_cmp	
pgrb2b_netcdf_append_var64_bin	noaa_gfs_pgrb2b_1p00_f000	fixtures/grib2_noaa/gfs.t00z.pgrb2b.1p00.f000.grib2	{WGRIB2} {fixture} -for_n 1:1:1 -netcdf {tmp}/seed.nc	cp {tmp}/seed.nc {out} && {WGRIB2} {fixture} -for_n 2:64:1 -append -netcdf {out}	cp {tmp}/seed.nc {out} && {MBT} {fixture} -append -for_n 2:64:1 -netcdf {out}	binary_cmp	
pgrb2b_netcdf_append_var72_bin	noaa_gfs_pgrb2b_1p00_f000	fixtures/grib2_noaa/gfs.t00z.pgrb2b.1p00.f000.grib2	{WGRIB2} {fixture} -for_n 1:1:1 -netcdf {tmp}/seed.nc	cp {tmp}/seed.nc {out} && {WGRIB2} {fixture} -for_n 2:72:1 -append -netcdf {out}	cp {tmp}/seed.nc {out} && {MBT} {fixture} -append -for_n 2:72:1 -netcdf {out}	binary_cmp	
pgrb2b_netcdf_append_var80_bin	noaa_gfs_pgrb2b_1p00_f000	fixtures/grib2_noaa/gfs.t00z.pgrb2b.1p00.f000.grib2	{WGRIB2} {fixture} -for_n 1:1:1 -netcdf {tmp}/seed.nc	cp {tmp}/seed.nc {out} && {WGRIB2} {fixture} -for_n 2:80:1 -append -netcdf {out}	cp {tmp}/seed.nc {out} && {MBT} {fixture} -append -for_n 2:80:1 -netcdf {out}	binary_cmp	
pgrb2b_netcdf_append_var88_bin	noaa_gfs_pgrb2b_1p00_f000	fixtures/grib2_noaa/gfs.t00z.pgrb2b.1p00.f000.grib2	{WGRIB2} {fixture} -for_n 1:1:1 -netcdf {tmp}/seed.nc	cp {tmp}/seed.nc {out} && {WGRIB2} {fixture} -for_n 2:88:1 -append -netcdf {out}	cp {tmp}/seed.nc {out} && {MBT} {fixture} -append -for_n 2:88:1 -netcdf {out}	binary_cmp	
pgrb2b_netcdf_bitmap266_bin	noaa_gfs_pgrb2b_1p00_f000	fixtures/grib2_noaa/gfs.t00z.pgrb2b.1p00.f000.grib2		{WGRIB2} {fixture} -for_n 266:266:1 -netcdf {out}	{MBT} {fixture} -for_n 266:266:1 -netcdf {out}	binary_cmp	
pgrb2b_netcdf_bitmap266_269_multi_bin	noaa_gfs_pgrb2b_1p00_f000	fixtures/grib2_noaa/gfs.t00z.pgrb2b.1p00.f000.grib2		{WGRIB2} {fixture} -for_n 266:269:1 -netcdf {out}	{MBT} {fixture} -for_n 266:269:1 -netcdf {out}	binary_cmp	
pgrb2b_netcdf_bitmap266_267_append_bin	noaa_gfs_pgrb2b_1p00_f000	fixtures/grib2_noaa/gfs.t00z.pgrb2b.1p00.f000.grib2	{WGRIB2} {fixture} -for_n 266:266:1 -netcdf {tmp}/seed.nc	cp {tmp}/seed.nc {out} && {WGRIB2} {fixture} -for_n 267:267:1 -append -netcdf {out}	cp {tmp}/seed.nc {out} && {MBT} {fixture} -append -for_n 267:267:1 -netcdf {out}	binary_cmp	
pgrb2b_netcdf_bitmap266_269_append_bin	noaa_gfs_pgrb2b_1p00_f000	fixtures/grib2_noaa/gfs.t00z.pgrb2b.1p00.f000.grib2	{WGRIB2} {fixture} -for_n 266:266:1 -netcdf {tmp}/seed.nc	cp {tmp}/seed.nc {out} && {WGRIB2} {fixture} -for_n 267:267:1 -append -netcdf {out} && {WGRIB2} {fixture} -for_n 268:268:1 -append -netcdf {out} && {WGRIB2} {fixture} -for_n 269:269:1 -append -netcdf {out}	cp {tmp}/seed.nc {out} && {MBT} {fixture} -append -for_n 267:267:1 -netcdf {out} && {MBT} {fixture} -append -for_n 268:268:1 -netcdf {out} && {MBT} {fixture} -append -for_n 269:269:1 -netcdf {out}	binary_cmp	
gfswave_netcdf_bin	noaa_gfswave_atlocn_0p16_f000	fixtures/grib2_noaa/gfswave.t00z.atlocn.0p16.f000.grib2		{WGRIB2} {fixture} -for_n 1:1:1 -netcdf {out}	{MBT} {fixture} -for_n 1:1:1 -netcdf {out}	binary_cmp	
gfswave_netcdf_multi_bin	noaa_gfswave_atlocn_0p16_f000	fixtures/grib2_noaa/gfswave.t00z.atlocn.0p16.f000.grib2		{WGRIB2} {fixture} -for_n 1:4:1 -netcdf {out}	{MBT} {fixture} -for_n 1:4:1 -netcdf {out}	binary_cmp	
gfswave_netcdf_multi8_bin	noaa_gfswave_atlocn_0p16_f000	fixtures/grib2_noaa/gfswave.t00z.atlocn.0p16.f000.grib2		{WGRIB2} {fixture} -for_n 1:8:1 -netcdf {out}	{MBT} {fixture} -for_n 1:8:1 -netcdf {out}	binary_cmp	
gfswave_netcdf_multi12_bin	noaa_gfswave_atlocn_0p16_f000	fixtures/grib2_noaa/gfswave.t00z.atlocn.0p16.f000.grib2		{WGRIB2} {fixture} -for_n 1:12:1 -netcdf {out}	{MBT} {fixture} -for_n 1:12:1 -netcdf {out}	binary_cmp	
gfswave_netcdf_multi19_bin	noaa_gfswave_atlocn_0p16_f000	fixtures/grib2_noaa/gfswave.t00z.atlocn.0p16.f000.grib2		{WGRIB2} {fixture} -for_n 1:19:1 -netcdf {out}	{MBT} {fixture} -for_n 1:19:1 -netcdf {out}	binary_cmp	
gfswave_netcdf_append_var_bin	noaa_gfswave_atlocn_0p16_f000	fixtures/grib2_noaa/gfswave.t00z.atlocn.0p16.f000.grib2	{WGRIB2} {fixture} -for_n 1:1:1 -netcdf {tmp}/seed.nc	cp {tmp}/seed.nc {out} && {WGRIB2} {fixture} -for_n 2:2:1 -append -netcdf {out}	cp {tmp}/seed.nc {out} && {MBT} {fixture} -append -for_n 2:2:1 -netcdf {out}	binary_cmp	
gfswave_netcdf_append_var4_bin	noaa_gfswave_atlocn_0p16_f000	fixtures/grib2_noaa/gfswave.t00z.atlocn.0p16.f000.grib2	{WGRIB2} {fixture} -for_n 1:1:1 -netcdf {tmp}/seed.nc	cp {tmp}/seed.nc {out} && {WGRIB2} {fixture} -for_n 2:4:1 -append -netcdf {out}	cp {tmp}/seed.nc {out} && {MBT} {fixture} -append -for_n 2:4:1 -netcdf {out}	binary_cmp	
gfswave_netcdf_append_var8_bin	noaa_gfswave_atlocn_0p16_f000	fixtures/grib2_noaa/gfswave.t00z.atlocn.0p16.f000.grib2	{WGRIB2} {fixture} -for_n 1:1:1 -netcdf {tmp}/seed.nc	cp {tmp}/seed.nc {out} && {WGRIB2} {fixture} -for_n 2:8:1 -append -netcdf {out}	cp {tmp}/seed.nc {out} && {MBT} {fixture} -append -for_n 2:8:1 -netcdf {out}	binary_cmp	
gfswave_netcdf_append_var19_bin	noaa_gfswave_atlocn_0p16_f000	fixtures/grib2_noaa/gfswave.t00z.atlocn.0p16.f000.grib2	{WGRIB2} {fixture} -for_n 1:1:1 -netcdf {tmp}/seed.nc	cp {tmp}/seed.nc {out} && {WGRIB2} {fixture} -for_n 2:19:1 -append -netcdf {out}	cp {tmp}/seed.nc {out} && {MBT} {fixture} -append -for_n 2:19:1 -netcdf {out}	binary_cmp	
gfswave_global_netcdf_bin	noaa_gfswave_global_0p25_f000	fixtures/grib2_noaa/gfswave.t00z.global.0p25.f000.grib2		{WGRIB2} {fixture} -for_n 1:1:1 -netcdf {out}	{MBT} {fixture} -for_n 1:1:1 -netcdf {out}	binary_cmp	
gfswave_global_netcdf_multi_bin	noaa_gfswave_global_0p25_f000	fixtures/grib2_noaa/gfswave.t00z.global.0p25.f000.grib2		{WGRIB2} {fixture} -for_n 1:2:1 -netcdf {out}	{MBT} {fixture} -for_n 1:2:1 -netcdf {out}	binary_cmp	
gfswave_global_netcdf_multi4_bin	noaa_gfswave_global_0p25_f000	fixtures/grib2_noaa/gfswave.t00z.global.0p25.f000.grib2		{WGRIB2} {fixture} -for_n 1:4:1 -netcdf {out}	{MBT} {fixture} -for_n 1:4:1 -netcdf {out}	binary_cmp	
gfswave_global_netcdf_multi8_bin	noaa_gfswave_global_0p25_f000	fixtures/grib2_noaa/gfswave.t00z.global.0p25.f000.grib2		{WGRIB2} {fixture} -for_n 1:8:1 -netcdf {out}	{MBT} {fixture} -for_n 1:8:1 -netcdf {out}	binary_cmp	
gfswave_global_netcdf_multi12_bin	noaa_gfswave_global_0p25_f000	fixtures/grib2_noaa/gfswave.t00z.global.0p25.f000.grib2		{WGRIB2} {fixture} -for_n 1:12:1 -netcdf {out}	{MBT} {fixture} -for_n 1:12:1 -netcdf {out}	binary_cmp	
gfswave_global_netcdf_append_var_bin	noaa_gfswave_global_0p25_f000	fixtures/grib2_noaa/gfswave.t00z.global.0p25.f000.grib2	{WGRIB2} {fixture} -for_n 1:1:1 -netcdf {tmp}/seed.nc	cp {tmp}/seed.nc {out} && {WGRIB2} {fixture} -for_n 2:2:1 -append -netcdf {out}	cp {tmp}/seed.nc {out} && {MBT} {fixture} -append -for_n 2:2:1 -netcdf {out}	binary_cmp	
gfswave_global_netcdf_append_var4_bin	noaa_gfswave_global_0p25_f000	fixtures/grib2_noaa/gfswave.t00z.global.0p25.f000.grib2	{WGRIB2} {fixture} -for_n 1:1:1 -netcdf {tmp}/seed.nc	cp {tmp}/seed.nc {out} && {WGRIB2} {fixture} -for_n 2:4:1 -append -netcdf {out}	cp {tmp}/seed.nc {out} && {MBT} {fixture} -append -for_n 2:4:1 -netcdf {out}	binary_cmp	
gfswave_global_netcdf_append_var8_bin	noaa_gfswave_global_0p25_f000	fixtures/grib2_noaa/gfswave.t00z.global.0p25.f000.grib2	{WGRIB2} {fixture} -for_n 1:1:1 -netcdf {tmp}/seed.nc	cp {tmp}/seed.nc {out} && {WGRIB2} {fixture} -for_n 2:8:1 -append -netcdf {out}	cp {tmp}/seed.nc {out} && {MBT} {fixture} -append -for_n 2:8:1 -netcdf {out}	binary_cmp	
derived_gfswave_bitmap254_netcdf_bin	derived_gfswave_bitmap254	fixtures/grib2_derived/noaa_gfswave_global_bitmap254_records5_6.grib2		{WGRIB2} {fixture} -for_n 1:1:1 -netcdf {out}	{MBT} {fixture} -for_n 1:1:1 -netcdf {out}	binary_cmp	
derived_gfswave_bitmap254_netcdf_multi_bin	derived_gfswave_bitmap254	fixtures/grib2_derived/noaa_gfswave_global_bitmap254_records5_6.grib2		{WGRIB2} {fixture} -for_n 1:2:1 -netcdf {out}	{MBT} {fixture} -for_n 1:2:1 -netcdf {out}	binary_cmp	
derived_gfswave_bitmap254_netcdf_append_bin	derived_gfswave_bitmap254	fixtures/grib2_derived/noaa_gfswave_global_bitmap254_records5_6.grib2	{WGRIB2} {fixture} -for_n 1:1:1 -netcdf {tmp}/seed.nc	cp {tmp}/seed.nc {out} && {WGRIB2} {fixture} -for_n 2:2:1 -append -netcdf {out}	cp {tmp}/seed.nc {out} && {MBT} {fixture} -append -for_n 2:2:1 -netcdf {out}	binary_cmp	
pgrb2_netcdf_bin	noaa_gfs_pgrb2_1p00_f000	fixtures/grib2_noaa/gfs.t00z.pgrb2.1p00.f000.grib2		{WGRIB2} {fixture} -for_n 1:1:1 -netcdf {out}	{MBT} {fixture} -for_n 1:1:1 -netcdf {out}	binary_cmp	
pgrb2_netcdf_multi_bin	noaa_gfs_pgrb2_1p00_f000	fixtures/grib2_noaa/gfs.t00z.pgrb2.1p00.f000.grib2		{WGRIB2} {fixture} -for_n 1:2:1 -netcdf {out}	{MBT} {fixture} -for_n 1:2:1 -netcdf {out}	binary_cmp	
pgrb2_netcdf_multi4_bin	noaa_gfs_pgrb2_1p00_f000	fixtures/grib2_noaa/gfs.t00z.pgrb2.1p00.f000.grib2		{WGRIB2} {fixture} -for_n 1:4:1 -netcdf {out}	{MBT} {fixture} -for_n 1:4:1 -netcdf {out}	binary_cmp	
pgrb2_netcdf_multi8_bin	noaa_gfs_pgrb2_1p00_f000	fixtures/grib2_noaa/gfs.t00z.pgrb2.1p00.f000.grib2		{WGRIB2} {fixture} -for_n 1:8:1 -netcdf {out}	{MBT} {fixture} -for_n 1:8:1 -netcdf {out}	binary_cmp	
pgrb2_netcdf_append_var_bin	noaa_gfs_pgrb2_1p00_f000	fixtures/grib2_noaa/gfs.t00z.pgrb2.1p00.f000.grib2	{WGRIB2} {fixture} -for_n 1:1:1 -netcdf {tmp}/seed.nc	cp {tmp}/seed.nc {out} && {WGRIB2} {fixture} -for_n 2:2:1 -append -netcdf {out}	cp {tmp}/seed.nc {out} && {MBT} {fixture} -append -for_n 2:2:1 -netcdf {out}	binary_cmp	
pgrb2_netcdf_append_var4_bin	noaa_gfs_pgrb2_1p00_f000	fixtures/grib2_noaa/gfs.t00z.pgrb2.1p00.f000.grib2	{WGRIB2} {fixture} -for_n 1:1:1 -netcdf {tmp}/seed.nc	cp {tmp}/seed.nc {out} && {WGRIB2} {fixture} -for_n 2:4:1 -append -netcdf {out}	cp {tmp}/seed.nc {out} && {MBT} {fixture} -append -for_n 2:4:1 -netcdf {out}	binary_cmp	
pgrb2_netcdf_append_var8_bin	noaa_gfs_pgrb2_1p00_f000	fixtures/grib2_noaa/gfs.t00z.pgrb2.1p00.f000.grib2	{WGRIB2} {fixture} -for_n 1:1:1 -netcdf {tmp}/seed.nc	cp {tmp}/seed.nc {out} && {WGRIB2} {fixture} -for_n 2:8:1 -append -netcdf {out}	cp {tmp}/seed.nc {out} && {MBT} {fixture} -append -for_n 2:8:1 -netcdf {out}	binary_cmp	
derived_pgrb2_mixed_reference_netcdf_bin	derived_pgrb2_mixed_reference_netcdf	fixtures/grib2_derived/noaa_gfs_pgrb2_mixed_reference_netcdf_input.grib2		{WGRIB2} {fixture} -for_n 1:2:1 -netcdf {out}	{MBT} {fixture} -for_n 1:2:1 -netcdf {out}	binary_cmp	
derived_pgrb2_mixed_reference_netcdf_append_bin	derived_pgrb2_mixed_reference_netcdf	fixtures/grib2_derived/noaa_gfs_pgrb2_mixed_reference_netcdf_input.grib2	{WGRIB2} {fixture} -for_n 1:1:1 -netcdf {tmp}/seed.nc	cp {tmp}/seed.nc {out} && {WGRIB2} {fixture} -for_n 2:2:1 -append -netcdf {out}	cp {tmp}/seed.nc {out} && {MBT} {fixture} -append -for_n 2:2:1 -netcdf {out}	binary_cmp	
derived_pgrb2_mercator_netcdf_bin	derived_pgrb2_mercator_netcdf	fixtures/grib2_derived/noaa_gfs_pgrb2_synthetic_mercator_netcdf_input.grib2		{WGRIB2} {fixture} -for_n 1:1:1 -netcdf {out}	{MBT} {fixture} -for_n 1:1:1 -netcdf {out}	binary_cmp	
derived_pgrb2_mercator_mixed_reference_netcdf_bin	derived_pgrb2_mercator_mixed_reference_netcdf	fixtures/grib2_derived/noaa_gfs_pgrb2_synthetic_mercator_mixed_reference_netcdf_input.grib2		{WGRIB2} {fixture} -for_n 1:2:1 -netcdf {out}	{MBT} {fixture} -for_n 1:2:1 -netcdf {out}	binary_cmp	
derived_pgrb2_mercator_mixed_reference_netcdf_append_bin	derived_pgrb2_mercator_mixed_reference_netcdf	fixtures/grib2_derived/noaa_gfs_pgrb2_synthetic_mercator_mixed_reference_netcdf_input.grib2	{WGRIB2} {fixture} -for_n 1:1:1 -netcdf {tmp}/seed.nc	cp {tmp}/seed.nc {out} && {WGRIB2} {fixture} -for_n 2:2:1 -append -netcdf {out}	cp {tmp}/seed.nc {out} && {MBT} {fixture} -append -for_n 2:2:1 -netcdf {out}	binary_cmp	
derived_pgrb2_rotated_netcdf_bin	derived_pgrb2_rotated_netcdf	fixtures/grib2_derived/noaa_gfs_pgrb2_synthetic_rotated_latlon_netcdf_input.grib2		{WGRIB2} {fixture} -for_n 1:1:1 -netcdf {out}	{MBT} {fixture} -for_n 1:1:1 -netcdf {out}	binary_cmp	
derived_pgrb2_rotated_mixed_reference_netcdf_bin	derived_pgrb2_rotated_mixed_reference_netcdf	fixtures/grib2_derived/noaa_gfs_pgrb2_synthetic_rotated_latlon_mixed_reference_netcdf_input.grib2		{WGRIB2} {fixture} -for_n 1:2:1 -netcdf {out}	{MBT} {fixture} -for_n 1:2:1 -netcdf {out}	binary_cmp	
derived_pgrb2_rotated_mixed_reference_netcdf_append_bin	derived_pgrb2_rotated_mixed_reference_netcdf	fixtures/grib2_derived/noaa_gfs_pgrb2_synthetic_rotated_latlon_mixed_reference_netcdf_input.grib2	{WGRIB2} {fixture} -for_n 1:1:1 -netcdf {tmp}/seed.nc	cp {tmp}/seed.nc {out} && {WGRIB2} {fixture} -for_n 2:2:1 -append -netcdf {out}	cp {tmp}/seed.nc {out} && {MBT} {fixture} -append -for_n 2:2:1 -netcdf {out}	binary_cmp	
derived_pgrb2_polar_netcdf_bin	derived_pgrb2_polar_netcdf	fixtures/grib2_derived/noaa_gfs_pgrb2_synthetic_polar_stereographic_netcdf_input.grib2		{WGRIB2} {fixture} -for_n 1:1:1 -netcdf {out}	{MBT} {fixture} -for_n 1:1:1 -netcdf {out}	binary_cmp	
derived_pgrb2_polar_mixed_reference_netcdf_bin	derived_pgrb2_polar_mixed_reference_netcdf	fixtures/grib2_derived/noaa_gfs_pgrb2_synthetic_polar_stereographic_mixed_reference_netcdf_input.grib2		{WGRIB2} {fixture} -for_n 1:2:1 -netcdf {out}	{MBT} {fixture} -for_n 1:2:1 -netcdf {out}	binary_cmp	
derived_pgrb2_polar_mixed_reference_netcdf_append_bin	derived_pgrb2_polar_mixed_reference_netcdf	fixtures/grib2_derived/noaa_gfs_pgrb2_synthetic_polar_stereographic_mixed_reference_netcdf_input.grib2	{WGRIB2} {fixture} -for_n 1:1:1 -netcdf {tmp}/seed.nc	cp {tmp}/seed.nc {out} && {WGRIB2} {fixture} -for_n 2:2:1 -append -netcdf {out}	cp {tmp}/seed.nc {out} && {MBT} {fixture} -append -for_n 2:2:1 -netcdf {out}	binary_cmp	
derived_pgrb2_lambert_netcdf_bin	derived_pgrb2_lambert_netcdf	fixtures/grib2_derived/noaa_gfs_pgrb2_synthetic_lambert_conformal_netcdf_input.grib2		{WGRIB2} {fixture} -for_n 1:1:1 -netcdf {out}	{MBT} {fixture} -for_n 1:1:1 -netcdf {out}	binary_cmp	
derived_pgrb2_lambert_mixed_reference_netcdf_bin	derived_pgrb2_lambert_mixed_reference_netcdf	fixtures/grib2_derived/noaa_gfs_pgrb2_synthetic_lambert_conformal_mixed_reference_netcdf_input.grib2		{WGRIB2} {fixture} -for_n 1:2:1 -netcdf {out}	{MBT} {fixture} -for_n 1:2:1 -netcdf {out}	binary_cmp	
derived_pgrb2_lambert_mixed_reference_netcdf_append_bin	derived_pgrb2_lambert_mixed_reference_netcdf	fixtures/grib2_derived/noaa_gfs_pgrb2_synthetic_lambert_conformal_mixed_reference_netcdf_input.grib2	{WGRIB2} {fixture} -for_n 1:1:1 -netcdf {tmp}/seed.nc	cp {tmp}/seed.nc {out} && {WGRIB2} {fixture} -for_n 2:2:1 -append -netcdf {out}	cp {tmp}/seed.nc {out} && {MBT} {fixture} -append -for_n 2:2:1 -netcdf {out}	binary_cmp	
eccodes_jpeg_netcdf_bin	eccodes_jpeg	fixtures/grib2_jpeg2000/eccodes_jpeg.grib2		{WGRIB2} {fixture} -for_n 1:1 -netcdf {out}	{MBT} {fixture} -for_n 1:1:1 -netcdf {out}	binary_cmp	
reduced_gaussian_netcdf_unavailable	eccodes_reduced_gaussian_surface_jpeg	fixtures/grib2_jpeg2000/eccodes_reduced_gaussian_surface_jpeg.grib2		{WGRIB2} {fixture} -for_n 1:1 -netcdf {out}	{MBT} {fixture} -for_n 1:1 -netcdf {out}	combined_diff	
jma_msm_netcdf_append_sparse_bin	jma_msm_fh18_33	fixtures/grib2_jma/Z__C_RJTD_20241206000000_MSM_GPV_Rjp_L-pall_FH18-33_grib2.bin	{WGRIB2} {fixture} -for_n 1:1:1 -netcdf {tmp}/seed.nc	cp {tmp}/seed.nc {out} && {WGRIB2} {fixture} -for_n 2:2:1 -append -netcdf {out} && {WGRIB2} {fixture} -for_n 93:93:1 -append -netcdf {out}	cp {tmp}/seed.nc {out} && {MBT} {fixture} -append -for_n 2:2:1 -netcdf {out} && {MBT} {fixture} -append -for_n 93:93:1 -netcdf {out}	binary_cmp	
gfswave_cubeface2global_unavailable	noaa_gfswave_atlocn_0p16_f000	fixtures/grib2_noaa/gfswave.t00z.atlocn.0p16.f000.grib2		{WGRIB2} {fixture} -for_n 1:1 -cubeface2global 0 {out}	{MBT} {fixture} -for_n 1:1 -cubeface2global 0 {out}	combined_diff	
gfswave_mysql_unavailable	noaa_gfswave_atlocn_0p16_f000	fixtures/grib2_noaa/gfswave.t00z.atlocn.0p16.f000.grib2		{WGRIB2} {fixture} -for_n 1:1 -mysql H=localhost U=user P=pass D=db T=table	{MBT} {fixture} -for_n 1:1 -mysql H=localhost U=user P=pass D=db T=table	combined_diff	
gfswave_mysql_dump_unavailable	noaa_gfswave_atlocn_0p16_f000	fixtures/grib2_noaa/gfswave.t00z.atlocn.0p16.f000.grib2		{WGRIB2} {fixture} -for_n 1:1 -mysql_dump H=localhost U=user P=pass D=db T=table W=0 PV=0	{MBT} {fixture} -for_n 1:1 -mysql_dump H=localhost U=user P=pass D=db T=table W=0 PV=0	combined_diff	
gfswave_mysql_speed_unavailable	noaa_gfswave_atlocn_0p16_f000	fixtures/grib2_noaa/gfswave.t00z.atlocn.0p16.f000.grib2		{WGRIB2} {fixture} -for_n 1:1 -mysql_speed H=localhost U=user P=pass D=db T=table W=0 PV=0	{MBT} {fixture} -for_n 1:1 -mysql_speed H=localhost U=user P=pass D=db T=table W=0 PV=0	combined_diff	
